transaction_id,vendor,amount,department,flag,risk_level,reason,recommended_action
ocds-5whusi-015/ADM/2023-2024,UNKNOWN,202966632.0,Kenya Institute of Curriculum Development,direct_procurement,High,Direct award method used — competitive bidding bypassed,Verify justification for direct award. Check approval authority.
ocds-5whusi-015/ADM/2023-2024,UNKNOWN,522400873.0,Kenya Institute of Curriculum Development,direct_procurement,High,Direct award method used — competitive bidding bypassed,Verify justification for direct award. Check approval authority.
ocds-5whusi-015/ADM/2023-2024,UNKNOWN,260515600.0,Kenya Institute of Curriculum Development,direct_procurement,High,Direct award method used — competitive bidding bypassed,Verify justification for direct award. Check approval authority.
ocds-5whusi-015/ADM/2023-2024,UNKNOWN,326171230.0,Kenya Institute of Curriculum Development,direct_procurement,High,Direct award method used — competitive bidding bypassed,Verify justification for direct award. Check approval authority.
ocds-5whusi-1094321-2022/2024,TOYOTA KENYA LTD,16270000.0,Nyandarua County Government,direct_procurement,High,Direct award method used — competitive bidding bypassed,Verify justification for direct award. Check approval authority.
ocds-5whusi-1173152-2-2022/2023,STRATIFY ENTERPRISES,6969000.0,Kirinyaga County Government,normal,Low,ML model flagged as outlier — unusual pattern across multiple fields,Review contract file. Escalate if no clear explanation found.
ocds-5whusi-1173152-2-2022/2023,UNKNOWN,6331000.0,Kirinyaga County Government,missing_supplier,High,Contract awarded with no supplier recorded — bypasses vendor accountability,Obtain supplier details from procuring entity. Escalate if unresolved.
ocds-5whusi-1356494,FIFA HOLDINGS LIMITED,1300000.0,Nyandarua County Government,direct_procurement,High,Direct award method used — competitive bidding bypassed,Verify justification for direct award. Check approval authority.
ocds-5whusi-1390888-2023/2024,SHADESTEPHIE COMPANY LIMITED,5667750.0,Bungoma County Government,normal,Low,ML model flagged as outlier — unusual pattern across multiple fields,Review contract file. Escalate if no clear explanation found.
ocds-5whusi-1393446-2023-24,UNKNOWN,247422915.0,Bungoma County Government,missing_supplier,High,Contract awarded with no supplier recorded — bypasses vendor accountability,Obtain supplier details from procuring entity. Escalate if unresolved.
ocds-5whusi-1467785/2023-2024,BIZMAK ENTERPRISES,1063388.0,County Assembly Of Taita-Taveta,normal,Low,ML model flagged as outlier — unusual pattern across multiple fields,Review contract file. Escalate if no clear explanation found.
ocds-5whusi-1471960-2023/2024,CRINON CONSTRUCTION COMPANY LIMITED ,65789230.0,Bungoma County Government,normal,Low,ML model flagged as outlier — unusual pattern across multiple fields,Review contract file. Escalate if no clear explanation found.
ocds-5whusi-1473121-2023/2024,CANA HOS[PITAL LTD,21146500.0,Bungoma County Government,normal,Low,ML model flagged as outlier — unusual pattern across multiple fields,Review contract file. Escalate if no clear explanation found.
ocds-5whusi-1478026,STANDARD GROUP PLC,146160.0,Nyandarua County Government,direct_procurement,High,Direct award method used — competitive bidding bypassed,Verify justification for direct award. Check approval authority.
ocds-5whusi-218178-KEMSA/DP05/2024-2026,Cellpharm Healthcare Ltd,97225142.0,Kenya Medical Supplies Authority,direct_procurement,High,Direct award method used — competitive bidding bypassed,Verify justification for direct award. Check approval authority.
ocds-5whusi-218291-MOALD/SDLD/HQS/DP/04/2024-2025,Precision Holiday Tours & Travel Ltd,76185.0,State Department of Livestock,direct_procurement,High,Direct award method used — competitive bidding bypassed,Verify justification for direct award. Check approval authority.
ocds-5whusi-218460-KPA/091/2024-25/ICT,M/S CENTRIC LIMITED,504600000.0,Kenya Ports Authority,normal,Low,ML model flagged as outlier — unusual pattern across multiple fields,Review contract file. Escalate if no clear explanation found.
ocds-5whusi-218948-RFQ/KDC/STAKEHOLDERWORKSHOP/2024-2025,BIORAX AGENCY LIMITED,52882568.0,KENYA DEVELOPMENT CORPORATION,duplicate_invoice,Medium,Amount and vendor match another contract — possible duplicate payment,Cross-check payment records. Flag for recovery if duplicate paid.
ocds-5whusi-219227-EMC/OT/PSM/01/2024-2025,TRANSNEP INSURANCE BROKER LIMITED,139401635.0,Elgeyo-Marakwet County Government,normal,Low,ML model flagged as outlier — unusual pattern across multiple fields,Review contract file. Escalate if no clear explanation found.
ocds-5whusi-2505-2023-2024,Primate Tours Limited,32420.0,State Department of Planning,direct_procurement,High,Direct award method used — competitive bidding bypassed,Verify justification for direct award. Check approval authority.
ocds-5whusi-3665,paveki general merchants limited,30365349.0,The Meru National Polytechnic,normal,Low,ML model flagged as outlier — unusual pattern across multiple fields,Review contract file. Escalate if no clear explanation found.
ocds-5whusi-3900,ASWA DEVELOPERS AND CONTRACTORS LIMITED,73002150.0,The Meru National Polytechnic,normal,Low,ML model flagged as outlier — unusual pattern across multiple fields,Review contract file. Escalate if no clear explanation found.
ocds-5whusi-3944,AMG SAGIRIN LIMITED,18998980.0,The Meru National Polytechnic,normal,Low,ML model flagged as outlier — unusual pattern across multiple fields,Review contract file. Escalate if no clear explanation found.
ocds-5whusi-4586,ADABLA GENERAL CONSTRUCTION COMPANY LIMITED,19227580.0,The Meru National Polytechnic,normal,Low,ML model flagged as outlier — unusual pattern across multiple fields,Review contract file. Escalate if no clear explanation found.
ocds-5whusi-55369,ONGATA WORKS LIMITED,243933563.51,Chemelil Sugar Company Limited,normal,Low,ML model flagged as outlier — unusual pattern across multiple fields,Review contract file. Escalate if no clear explanation found.
ocds-5whusi-728664-4-2018/2019,UNKNOWN,1946793.2,Bungoma County Government,missing_supplier,High,Contract awarded with no supplier recorded — bypasses vendor accountability,Obtain supplier details from procuring entity. Escalate if unresolved.
ocds-5whusi-892775-2021/2022-3,AAR INSURANCE,535007177.0,Kwale County Government,direct_procurement,High,Direct award method used — competitive bidding bypassed,Verify justification for direct award. Check approval authority.
ocds-5whusi-913033-2020/2021,UNKNOWN,6942774.0,Bungoma County Government,missing_supplier,High,Contract awarded with no supplier recorded — bypasses vendor accountability,Obtain supplier details from procuring entity. Escalate if unresolved.
ocds-5whusi-AWWDA/GOK/P/GLM/W-09/2024,Axela Holdings Limited,54467336.0,Athi Water Works Development Agency,normal,Low,ML model flagged as outlier — unusual pattern across multiple fields,Review contract file. Escalate if no clear explanation found.
ocds-5whusi-BGM/CNTY/RT/FIN/1/2023-2024,SWANSTORM INTERNATIONAL LIMITED,2330970.0,Bungoma County Government,normal,Low,ML model flagged as outlier — unusual pattern across multiple fields,Review contract file. Escalate if no clear explanation found.
ocds-5whusi-BNTVC/T/2023/2024/2,WESTFIELD VENTURES LIMITED,69023570.0,Bungoma north technical and vocational college,normal,Low,ML model flagged as outlier — unusual pattern across multiple fields,Review contract file. Escalate if no clear explanation found.
ocds-5whusi-BSA/CG/HS/158/2023/2024,AFRICAN TIGERS CONSTRUCTION AND SUPPLIES COMPANY LIMITED,14458550.0,Busia County Government,normal,Low,ML model flagged as outlier — unusual pattern across multiple fields,Review contract file. Escalate if no clear explanation found.
ocds-5whusi-BSA/CG/PSA/66/2024/2025,TRANSNEP INSURANCE BROKERS LIMITED,216855295.0,Busia County Government,normal,Low,ML model flagged as outlier — unusual pattern across multiple fields,Review contract file. Escalate if no clear explanation found.
ocds-5whusi-BSA/CG/PWRT/140/2024/2025,Finotech Agencies Ltd,30758124.67,Busia County Government,normal,Low,ML model flagged as outlier — unusual pattern across multiple fields,Review contract file. Escalate if no clear explanation found.
ocds-5whusi-BSA/CG/PWRT/332/2023/2024,MEGALASER INTERNATIONAL,484603541.0,Busia County Government,normal,Low,ML model flagged as outlier — unusual pattern across multiple fields,Review contract file. Escalate if no clear explanation found.
ocds-5whusi-CAJ/53/20232024,Safetech Solutions ,470960.0,Commission of Administrative Justice - Office of the Ombudsman,after_hours_entry,Medium,Transaction posted outside business hours — unusual timing,Verify who posted and why. Check system access logs.
ocds-5whusi-CAK/1484288/2023-2024,UNKNOWN,47268144.0,County Assembly Of Kilifi,missing_supplier,High,Contract awarded with no supplier recorded — bypasses vendor accountability,Obtain supplier details from procuring entity. Escalate if unresolved.
ocds-5whusi-CAK-1485790-2023/24,AMS GEOCONSULT LIMITED,8513650.0,County Assembly Of Kwale,normal,Low,ML model flagged as outlier — unusual pattern across multiple fields,Review contract file. Escalate if no clear explanation found.
ocds-5whusi-CAM/ONT/HSRD/02/2024-2025,PILLAR AUDIO VISUAL SERVICES,89134159.0,County Assembly Of Meru,normal,Low,ML model flagged as outlier — unusual pattern across multiple fields,Review contract file. Escalate if no clear explanation found.
ocds-5whusi-CA/PROC/RT/04/2022-2023(A),DIGNITY COLLECTIONS LIMITED,196000.0,Communications Authority of Kenya ,normal,Low,ML model flagged as outlier — unusual pattern across multiple fields,Review contract file. Escalate if no clear explanation found.
ocds-5whusi-CA/SCM/OT/49/2023-2024,Dechrip East Africa Ltd,36226800.0,Communications Authority of Kenya ,normal,Low,ML model flagged as outlier — unusual pattern across multiple fields,Review contract file. Escalate if no clear explanation found.
ocds-5whusi-CBK/010/2024-2025,MFI DOCUMENT SOLUTIONS LIMITED,2632680.0,Central Bank of Kenya,direct_procurement,High,Direct award method used — competitive bidding bypassed,Verify justification for direct award. Check approval authority.
ocds-5whusi-CGB/ADM/006/2018/2018,UNKNOWN,78014232.84,Bomet County Government,missing_supplier,High,Contract awarded with no supplier recorded — bypasses vendor accountability,Obtain supplier details from procuring entity. Escalate if unresolved.
ocds-5whusi-CGB/QTN/DRM/002/2023/2024,TISKOPAK  KENYA LIMITED,1983520.0,Baringo County Government,direct_procurement,High,Direct award method used — competitive bidding bypassed,Verify justification for direct award. Check approval authority.
ocds-5whusi-CGB/QTN/DRM/005/2023/2024,TALLBERG LIMITED,3991380.0,Baringo County Government,direct_procurement,High,Direct award method used — competitive bidding bypassed,Verify justification for direct award. Check approval authority.
"ocds-5whusi-CGK/A,L&F/1390644",UNKNOWN,4912918.0,Kwale County Government,missing_supplier,High,Contract awarded with no supplier recorded — bypasses vendor accountability,Obtain supplier details from procuring entity. Escalate if unresolved.
ocds-5whusi-CGK/ALVF/RT/004/2022-2023,ZESTIN K LTD,3997250.0,Kirinyaga County Government,normal,Low,ML model flagged as outlier — unusual pattern across multiple fields,Review contract file. Escalate if no clear explanation found.
ocds-5whusi-CGK/KCSAP/07/MOA/2021/2022,BIORAX AGENCY LIMITED,52882568.0,Kakamega County Government,normal,Low,ML model flagged as outlier — unusual pattern across multiple fields,Review contract file. Escalate if no clear explanation found.
ocds-5whusi-CGN/EXE/ONT/001/2023-2024,CASCA TRADERS LIMITED,44000407.0,Nakuru County Government,normal,Low,ML model flagged as outlier — unusual pattern across multiple fields,Review contract file. Escalate if no clear explanation found.
ocds-5whusi-CGN/ONT/FIN/001/2024-2025,TRANSNEP INSURANCE BROKERS LIMITED,287463548.0,Nakuru County Government,normal,Low,ML model flagged as outlier — unusual pattern across multiple fields,Review contract file. Escalate if no clear explanation found.
ocds-5whusi-CGN/RTPW/ONT/185/2023-2024,BNC DESIGN & BUILD CONCEPTS,9178850.0,Nakuru County Government,normal,Low,ML model flagged as outlier — unusual pattern across multiple fields,Review contract file. Escalate if no clear explanation found.
ocds-5whusi-CGN/WEECCNR/ONT/228/2023-2024,UNKNOWN,74677450.71,Nakuru County Government,missing_supplier,High,Contract awarded with no supplier recorded — bypasses vendor accountability,Obtain supplier details from procuring entity. Escalate if unresolved.
ocds-5whusi-CGOKTI/PSMGA/002/2024-2025 NEGOTIATION NO: 1666726,BRITAM GENERAL INSURANCE COMPANY KENYA LIMITED,293650365.32,Kitui County Government,normal,Low,ML model flagged as outlier — unusual pattern across multiple fields,Review contract file. Escalate if no clear explanation found.
ocds-5whusi-CGS/PWRET/OT/2024-2025/019,CHAVET DESIGNS LIMITED,5598876.36,Siaya County Government,normal,Low,ML model flagged as outlier — unusual pattern across multiple fields,Review contract file. Escalate if no clear explanation found.
ocds-5whusi-CGS/PWRET/OT/2024-2025/029,JAKATEG ENTERPRISES LIMITED,12996955.83,Siaya County Government,normal,Low,ML model flagged as outlier — unusual pattern across multiple fields,Review contract file. Escalate if no clear explanation found.
ocds-5whusi-CGS/PWRET/OT/2024-2025/037,KAWAKA ELECTRICALS LIMITED,14766692.38,Siaya County Government,normal,Low,ML model flagged as outlier — unusual pattern across multiple fields,Review contract file. Escalate if no clear explanation found.
ocds-5whusi-CGS/PWRET/OT/2024-2025/041,CHRISLUC ENTERPRISES LIMITED,5808135.84,Siaya County Government,normal,Low,ML model flagged as outlier — unusual pattern across multiple fields,Review contract file. Escalate if no clear explanation found.
ocds-5whusi-CGS/SCM/TCIA/OT/2022-2023/022,UNKNOWN,137350000.0,Siaya County Government,missing_supplier,High,Contract awarded with no supplier recorded — bypasses vendor accountability,Obtain supplier details from procuring entity. Escalate if unresolved.
ocds-5whusi-CGS/SCM/TCSA/OT/2024-2025/02,WUYI DECORATION ENGINEERING K CO LIMIMITED,28175350.0,Siaya County Government,normal,Low,ML model flagged as outlier — unusual pattern across multiple fields,Review contract file. Escalate if no clear explanation found.
ocds-5whusi-CGU/LPP/T/25/2022/2023,RAEL JEMUTAI  KIBOR,97000000.0,Uasin Gishu County Government,normal,Low,ML model flagged as outlier — unusual pattern across multiple fields,Review contract file. Escalate if no clear explanation found.
ocds-5whusi-CGU/RDS/RMH/066/2022-2023,Allanbrian Company Limited,4195952.0,Uasin Gishu County Government,normal,Low,ML model flagged as outlier — unusual pattern across multiple fields,Review contract file. Escalate if no clear explanation found.
ocds-5whusi-CGWP/RFQ/1356155/2023-2024,BAITUL MAAL GENERAL TRADING LIMITED,1493858.0,West Pokot County Government,after_hours_entry,Medium,Transaction posted outside business hours — unusual timing,Verify who posted and why. Check system access logs.
ocds-5whusi-CGWP/T/014/2023-2024,UNKNOWN,59996640.0,West Pokot County Government,missing_supplier,High,Contract awarded with no supplier recorded — bypasses vendor accountability,Obtain supplier details from procuring entity. Escalate if unresolved.
ocds-5whusi-COMFUND/SC/I/LV/001/2024-2025,jiwak construction limited,19500.0,COMMODITIES FUND,normal,Low,ML model flagged as outlier — unusual pattern across multiple fields,Review contract file. Escalate if no clear explanation found.
ocds-5whusi-CWWDA/RT/KWL-EQ/W/03/2023-2024,Fenke Agencies Limited,9374192.0,Coast Water Services Board,normal,Low,ML model flagged as outlier — unusual pattern across multiple fields,Review contract file. Escalate if no clear explanation found.
ocds-5whusi-EACC/T/23/2023-2024,UNKNOWN,121500.0,Ethics and Anti-Corruption Commission,direct_procurement,High,Direct award method used — competitive bidding bypassed,Verify justification for direct award. Check approval authority.
ocds-5whusi-EACC/T/25/2023-2024,DIGNITY TRADERS LIMITED,460000.0,Ethics and Anti-Corruption Commission,direct_procurement,High,Direct award method used — competitive bidding bypassed,Verify justification for direct award. Check approval authority.
ocds-5whusi-EAPCPLC/DP/1222/2024,UNKNOWN,8735437.15,The East African Portland Cement Company,direct_procurement,High,Direct award method used — competitive bidding bypassed,Verify justification for direct award. Check approval authority.
ocds-5whusi-EAPCPLC/DP/1271/2024,Universal Compressed Systems Limited,580421.61,The East African Portland Cement Company,direct_procurement,High,Direct award method used — competitive bidding bypassed,Verify justification for direct award. Check approval authority.
ocds-5whusi-ENNDA/CONTR/012/2023-2024LOT19,Emptor Investment Ltd,63528550.0,Ewaso Ng'iro North Development Authority ,normal,Low,ML model flagged as outlier — unusual pattern across multiple fields,Review contract file. Escalate if no clear explanation found.
ocds-5whusi-EPRA/SCM/4/2/23-24/160,Remera Investments ltd,30095000.0,Energy Regulatory Commission,normal,Low,ML model flagged as outlier — unusual pattern across multiple fields,Review contract file. Escalate if no clear explanation found.
ocds-5whusi-EU/DP/024/2023-2024,UNKNOWN,64500.0,Egerton University,direct_procurement,High,Direct award method used — competitive bidding bypassed,Verify justification for direct award. Check approval authority.
ocds-5whusi-EU/DP/065/2023-2024,CFAO Motors Kenya Ltd,334971.0,Egerton University,direct_procurement,High,Direct award method used — competitive bidding bypassed,Verify justification for direct award. Check approval authority.
ocds-5whusi-GF ATM HIV GC7/DP03/2024-2025,MEDIONICS HEALTHCARE LIMITED,418270431.25,Kenya Medical Supplies Authority,direct_procurement,High,Direct award method used — competitive bidding bypassed,Verify justification for direct award. Check approval authority.
ocds-5whusi-GFATMHIVNFM-2023/2024-DP-010,UNKNOWN,45175000.0,Kenya Medical Supplies Authority,direct_procurement,High,Direct award method used — competitive bidding bypassed,Verify justification for direct award. Check approval authority.
ocds-5whusi-GFATMHIVNFM-2023/2024DP013,UNKNOWN,5219240.0,Kenya Medical Supplies Authority,direct_procurement,High,Direct award method used — competitive bidding bypassed,Verify justification for direct award. Check approval authority.
ocds-5whusi-GFATMHIVNFM2023/2024DP06,Cepheid HBDC ,5931640.0,Kenya Medical Supplies Authority,direct_procurement,High,Direct award method used — competitive bidding bypassed,Verify justification for direct award. Check approval authority.
ocds-5whusi-IPR24/24-00585,SCHINDLER LTD,539998.56,Kenya Civil Aviation Authority,direct_procurement,High,Direct award method used — competitive bidding bypassed,Verify justification for direct award. Check approval authority.
ocds-5whusi-JUD/DP/008B/2024-2025,M/s Ecta Kenya,210514.0,The Judiciary,direct_procurement,High,Direct award method used — competitive bidding bypassed,Verify justification for direct award. Check approval authority.
ocds-5whusi-JUD/OT/034/2023-2024,UNKNOWN,491460969.0,The Judiciary,missing_supplier,High,Contract awarded with no supplier recorded — bypasses vendor accountability,Obtain supplier details from procuring entity. Escalate if unresolved.
ocds-5whusi-JUD/OT/036/2023-2024,UNKNOWN,55975730.0,The Judiciary,missing_supplier,High,Contract awarded with no supplier recorded — bypasses vendor accountability,Obtain supplier details from procuring entity. Escalate if unresolved.
ocds-5whusi-JUD/OT/042/2023-2024,UNKNOWN,66856940.0,The Judiciary,missing_supplier,High,Contract awarded with no supplier recorded — bypasses vendor accountability,Obtain supplier details from procuring entity. Escalate if unresolved.
ocds-5whusi-KAA/DP/JKIA/0124/2023-2024,UNKNOWN,50798160.0,Kenya Airport Authority,direct_procurement,High,Direct award method used — competitive bidding bypassed,Verify justification for direct award. Check approval authority.
ocds-5whusi-KAA/DP/MATULO/0215/2023-2024,CONTRALINKS SOLUTIONS AND SERVICES LTD,101499594.0,Kenya Airport Authority,direct_procurement,High,Direct award method used — competitive bidding bypassed,Verify justification for direct award. Check approval authority.
ocds-5whusi-KAA/DP/RFP/HQ//0097/2023-2024,ALG Global Infrastructure Advisors SLU,101476800.0,Kenya Airport Authority,direct_procurement,High,Direct award method used — competitive bidding bypassed,Verify justification for direct award. Check approval authority.
ocds-5whusi-KAA/RT/JKIA/0150/2023-2024,Hamethyst Limited,28074320.0,Kenya Airport Authority,normal,Low,ML model flagged as outlier — unusual pattern across multiple fields,Review contract file. Escalate if no clear explanation found.
ocds-5whusi-KCG/KCDHSS/1493259-2/2023/2024,EPCO BUILDERS LIMITED,658509223.4,Kilifi County Government,normal,Low,ML model flagged as outlier — unusual pattern across multiple fields,Review contract file. Escalate if no clear explanation found.
ocds-5whusi-KE-ICTA-395947-GO-RFB,Dignity Traders Limited,88775000.0,ICT Authority,normal,Low,ML model flagged as outlier — unusual pattern across multiple fields,Review contract file. Escalate if no clear explanation found.
ocds-5whusi-KE-KRA-246179-CS-QCBS.,KEAPH ENTERPRISES,104346640.0,Kenya Revenue Authority,duplicate_invoice,Medium,Amount and vendor match another contract — possible duplicate payment,Cross-check payment records. Flag for recovery if duplicate paid.
ocds-5whusi-KE-MOMBE&MA-KWL-2024-006-CW/MMBE&MA-SDBE&F-17-2023-2024,TOP CHOICE SURVEILLANCE LTD,443097346.0,"State Department for Fisheries, Aquaculture and the Blue Economy",normal,Low,ML model flagged as outlier — unusual pattern across multiple fields,Review contract file. Escalate if no clear explanation found.
ocds-5whusi-KEMSA/DP009/2022-2024,Roche Kenya Limited,15000000.0,Kenya Medical Supplies Authority,direct_procurement,High,Direct award method used — competitive bidding bypassed,Verify justification for direct award. Check approval authority.
ocds-5whusi-KEMSA/GOK-MOH/DP07/2023-2024,Guangzhou Wondfo Biotech Co. Ltd,52435170.0,Kenya Medical Supplies Authority,direct_procurement,High,Direct award method used — competitive bidding bypassed,Verify justification for direct award. Check approval authority.
ocds-5whusi-KeNHA/LV/284/2023-2024,Africa Bliss,30000.0,Kenya National Highway Authority,normal,Low,ML model flagged as outlier — unusual pattern across multiple fields,Review contract file. Escalate if no clear explanation found.
ocds-5whusi-KeNHA/R10/347/2024,CAUSEWAY ENGINEERING SOLUTIONS LIMITED,166398075.61,Kenya National Highway Authority,after_hours_entry,Medium,Transaction posted outside business hours — unusual timing,Verify who posted and why. Check system access logs.
ocds-5whusi-KeNHA/R1/279/2024,Jengocon Limited,215641985.81,Kenya National Highway Authority,normal,Low,ML model flagged as outlier — unusual pattern across multiple fields,Review contract file. Escalate if no clear explanation found.
ocds-5whusi-KeNHA/R1/284/2024,Sosmut Trading Company Limited,137877964.96,Kenya National Highway Authority,normal,Low,ML model flagged as outlier — unusual pattern across multiple fields,Review contract file. Escalate if no clear explanation found.
ocds-5whusi-KeNHA/R1/288/2024,Spanska Construction Limited,151232721.18,Kenya National Highway Authority,normal,Low,ML model flagged as outlier — unusual pattern across multiple fields,Review contract file. Escalate if no clear explanation found.
ocds-5whusi-KeNHA/R4/301/2024,M/s Onster Group Ltd,342002816.22,Kenya National Highway Authority,normal,Low,ML model flagged as outlier — unusual pattern across multiple fields,Review contract file. Escalate if no clear explanation found.
ocds-5whusi-KeNHA/R4/305/2024,M/s Rgis Kenya Ltd,181107578.59,Kenya National Highway Authority,normal,Low,ML model flagged as outlier — unusual pattern across multiple fields,Review contract file. Escalate if no clear explanation found.
ocds-5whusi-KeNHA/R4/308/2024,M/s. Citi Capital Limited,145348123.22,Kenya National Highway Authority,normal,Low,ML model flagged as outlier — unusual pattern across multiple fields,Review contract file. Escalate if no clear explanation found.
ocds-5whusi-KeNHA/R4/314/2024,Brexit Kenya Ltd,121836388.05,Kenya National Highway Authority,normal,Low,ML model flagged as outlier — unusual pattern across multiple fields,Review contract file. Escalate if no clear explanation found.
ocds-5whusi-KeNHA/R4/318/2024,Afela Co. LTD ,83706349.53,Kenya National Highway Authority,normal,Low,ML model flagged as outlier — unusual pattern across multiple fields,Review contract file. Escalate if no clear explanation found.
ocds-5whusi-KeNHA/R9/141/2024,Dynality Trading Ltd	,233847491.57,Kenya National Highway Authority,normal,Low,ML model flagged as outlier — unusual pattern across multiple fields,Review contract file. Escalate if no clear explanation found.
ocds-5whusi-KeRRA/008/39/KAK/2-55-24/25-115,ALMAJO HOLDINGS LIMITED,4527182.0,Kenya Rural Roads Authority ,normal,Low,ML model flagged as outlier — unusual pattern across multiple fields,Review contract file. Escalate if no clear explanation found.
ocds-5whusi-KeRRA/008/39/KAK/2-55-24/25 -129,RHIS ENTERPRISES LIMITED,5297480.68,Kenya Rural Roads Authority ,normal,Low,ML model flagged as outlier — unusual pattern across multiple fields,Review contract file. Escalate if no clear explanation found.
ocds-5whusi-KeRRA/008/KAK/2-55-23|24-155,White Jewel Co. Ventures Ltd,4669108.46,Kenya Rural Roads Authority ,normal,Low,ML model flagged as outlier — unusual pattern across multiple fields,Review contract file. Escalate if no clear explanation found.
ocds-5whusi-KeRRA/008/KAK/2-55-23|24-183,Zamalek Enterprises Ltd,6720468.12,Kenya Rural Roads Authority ,normal,Low,ML model flagged as outlier — unusual pattern across multiple fields,Review contract file. Escalate if no clear explanation found.
ocds-5whusi-KeRRA/008/KAK/2-55-23|24-198,AEW Atlanta Engineering Works,3078654.5,Kenya Rural Roads Authority ,normal,Low,ML model flagged as outlier — unusual pattern across multiple fields,Review contract file. Escalate if no clear explanation found.
ocds-5whusi-KeRRA/008/KAK/2-55-23|24-216,Brawave Building & Contractors Co. Ltd,2882600.0,Kenya Rural Roads Authority ,normal,Low,ML model flagged as outlier — unusual pattern across multiple fields,Review contract file. Escalate if no clear explanation found.
ocds-5whusi-KeRRA/008/MBT/39/051/2023-2024,Dreamstar  Limited,6896040.0,Kenya Rural Roads Authority ,normal,Low,ML model flagged as outlier — unusual pattern across multiple fields,Review contract file. Escalate if no clear explanation found.
ocds-5whusi-KeRRA/008/MBT/39/055/2023-2024,Guddin Limited,9884719.6,Kenya Rural Roads Authority ,normal,Low,ML model flagged as outlier — unusual pattern across multiple fields,Review contract file. Escalate if no clear explanation found.
ocds-5whusi-KeRRA/008/MBT/39/066/2023-2024,Dee Consortium  Limited,4500568.0,Kenya Rural Roads Authority ,normal,Low,ML model flagged as outlier — unusual pattern across multiple fields,Review contract file. Escalate if no clear explanation found.
ocds-5whusi-KeRRA/008/MBT/39/109/2022-2023,Bosline  Limited,7663586.4,Kenya Rural Roads Authority ,normal,Low,ML model flagged as outlier — unusual pattern across multiple fields,Review contract file. Escalate if no clear explanation found.
ocds-5whusi-KeRRA/008/NRK/039/2-45-23|24-132,Bembos Holdings Ltd,7234340.0,Kenya Rural Roads Authority ,normal,Low,ML model flagged as outlier — unusual pattern across multiple fields,Review contract file. Escalate if no clear explanation found.
ocds-5whusi-KeRRA/008/UG/SOY/039/24-25/052,OCEAN-DROP VENTURES LTD,3439039.4,Kenya Rural Roads Authority ,normal,Low,ML model flagged as outlier — unusual pattern across multiple fields,Review contract file. Escalate if no clear explanation found.
ocds-5whusi-KeRRA/08/39/2/2023-2024,STECOL CORPORATION LIMITED,2171008107.0,Kenya Rural Roads Authority ,normal,Low,ML model flagged as outlier — unusual pattern across multiple fields,Review contract file. Escalate if no clear explanation found.
ocds-5whusi-KeRRA/08/39/LKP/23|24-77,Aleca Agencies Limited,4417512.0,Kenya Rural Roads Authority ,normal,Low,ML model flagged as outlier — unusual pattern across multiple fields,Review contract file. Escalate if no clear explanation found.
ocds-5whusi-KeRRA/08/39/LKP/23|24-88,Shix Limited ,5507216.0,Kenya Rural Roads Authority ,normal,Low,ML model flagged as outlier — unusual pattern across multiple fields,Review contract file. Escalate if no clear explanation found.
ocds-5whusi-KeRRA/08/39/LKP/23|24-96,Zylo Trade Ltd,3200346.27,Kenya Rural Roads Authority ,normal,Low,ML model flagged as outlier — unusual pattern across multiple fields,Review contract file. Escalate if no clear explanation found.
ocds-5whusi-KeRRA/08/GSA/39/058/2023-24.,UNKNOWN,9098460.0,Kenya Rural Roads Authority ,missing_supplier,High,Contract awarded with no supplier recorded — bypasses vendor accountability,Obtain supplier details from procuring entity. Escalate if unresolved.
ocds-5whusi-KeRRA/08/ GSA/39/064/ 2023-24.,Buna dream ventures limited,3403579.2,Kenya Rural Roads Authority ,normal,Low,ML model flagged as outlier — unusual pattern across multiple fields,Review contract file. Escalate if no clear explanation found.
ocds-5whusi-KeRRA/08/ GSA/39/071/ 2023-24.,Akaaro Logistics Limited,7452170.6,Kenya Rural Roads Authority ,normal,Low,ML model flagged as outlier — unusual pattern across multiple fields,Review contract file. Escalate if no clear explanation found.
ocds-5whusi-KeRRA/08/GSA/39/087/2022-23.,Abal enterprises Limited,7422840.0,Kenya Rural Roads Authority ,normal,Low,ML model flagged as outlier — unusual pattern across multiple fields,Review contract file. Escalate if no clear explanation found.
ocds-5whusi-KeRRA/08/KLF/39/030/2021-2022,Sariox Investments Ltd,2887425.6,Kenya Rural Roads Authority ,normal,Low,ML model flagged as outlier — unusual pattern across multiple fields,Review contract file. Escalate if no clear explanation found.
ocds-5whusi-KeRRA/08/KLF/39/032/2021-2022,Addepa Limited,3041752.0,Kenya Rural Roads Authority ,normal,Low,ML model flagged as outlier — unusual pattern across multiple fields,Review contract file. Escalate if no clear explanation found.
ocds-5whusi-KeRRA/08/KLF/39/054/2021-2022,AROR COMPANY LTD,4036568.0,Kenya Rural Roads Authority ,normal,Low,ML model flagged as outlier — unusual pattern across multiple fields,Review contract file. Escalate if no clear explanation found.
ocds-5whusi-KeRRA/08/KLF/39/10%SAV-22/23-149,UNKNOWN,3582023.79,Kenya Rural Roads Authority ,missing_supplier,High,Contract awarded with no supplier recorded — bypasses vendor accountability,Obtain supplier details from procuring entity. Escalate if unresolved.
ocds-5whusi-KeRRA/08/KLF/39/10%SAV-22/23-152,Kaieth & Ken Sib Ltd,2695628.88,Kenya Rural Roads Authority ,normal,Low,ML model flagged as outlier — unusual pattern across multiple fields,Review contract file. Escalate if no clear explanation found.
ocds-5whusi-KeRRA/08/KLF/39/22%SAV-22/23-130,Mahaal Solutions Limited,4405390.0,Kenya Rural Roads Authority ,normal,Low,ML model flagged as outlier — unusual pattern across multiple fields,Review contract file. Escalate if no clear explanation found.
ocds-5whusi-KeRRA/08/KLF/39/-24/25-014,Abijaca Covenant Ltd,4599851.54,Kenya Rural Roads Authority ,normal,Low,ML model flagged as outlier — unusual pattern across multiple fields,Review contract file. Escalate if no clear explanation found.
ocds-5whusi-KeRRA/08/KLF/39/-24/25-071,Dubee Construction Ltd,2901682.24,Kenya Rural Roads Authority ,after_hours_entry,Medium,Transaction posted outside business hours — unusual timing,Verify who posted and why. Check system access logs.
ocds-5whusi-KeRRA/08/KLF/39/-24/25-076,Herimoz Investments Ltd,3172403.04,Kenya Rural Roads Authority ,normal,Low,ML model flagged as outlier — unusual pattern across multiple fields,Review contract file. Escalate if no clear explanation found.
ocds-5whusi-KeRRA/08/MDR/39/-24/25-31,4b1 Investment Limited.,7206382.8,Kenya Rural Roads Authority ,normal,Low,ML model flagged as outlier — unusual pattern across multiple fields,Review contract file. Escalate if no clear explanation found.
ocds-5whusi-KeRRA/08/MDR/39/-24/25-41,Faraj Logistics Limited.,8597541.81,Kenya Rural Roads Authority ,normal,Low,ML model flagged as outlier — unusual pattern across multiple fields,Review contract file. Escalate if no clear explanation found.
ocds-5whusi-KeRRA/08/NRK/039/050/24|25,Inkidongi Enterprises Ltd,2419080.75,Kenya Rural Roads Authority ,normal,Low,ML model flagged as outlier — unusual pattern across multiple fields,Review contract file. Escalate if no clear explanation found.
ocds-5whusi-KeRRA/08/NYA-GOK-SAV-OLJ/39/198/2022-2023,Brice Enterprises Limited,9198140.23,Kenya Rural Roads Authority ,normal,Low,ML model flagged as outlier — unusual pattern across multiple fields,Review contract file. Escalate if no clear explanation found.
ocds-5whusi-KeRRA-08-SYA-39-2-49-2630-23|24,Ziplock Investment Limited,6659422.66,Kenya Rural Roads Authority ,normal,Low,ML model flagged as outlier — unusual pattern across multiple fields,Review contract file. Escalate if no clear explanation found.
ocds-5whusi-KeRRA-08-SYA-39-2-49-2637-23|24,Wright Chem Limited,6816102.0,Kenya Rural Roads Authority ,normal,Low,ML model flagged as outlier — unusual pattern across multiple fields,Review contract file. Escalate if no clear explanation found.
ocds-5whusi-KeRRA-08-SYA-39-2-49-414-23|24,Cotech Agencies Limited,3980338.92,Kenya Rural Roads Authority ,after_hours_entry,Medium,Transaction posted outside business hours — unusual timing,Verify who posted and why. Check system access logs.
ocds-5whusi-KeRRA/08/TTVT/39/051/2023-2024,SEREWIN LIMITED,6769010.64,Kenya Rural Roads Authority ,normal,Low,ML model flagged as outlier — unusual pattern across multiple fields,Review contract file. Escalate if no clear explanation found.
ocds-5whusi-KeRRA/08/TTVT/39/057/2023-2024,Zeyaat Construction Company Limited,8697471.2,Kenya Rural Roads Authority ,normal,Low,ML model flagged as outlier — unusual pattern across multiple fields,Review contract file. Escalate if no clear explanation found.
ocds-5whusi-keRRA/15/MKN/39/042/22%/2023-2024,Adrimp Company Limited,9111336.0,Kenya Rural Roads Authority ,normal,Low,ML model flagged as outlier — unusual pattern across multiple fields,Review contract file. Escalate if no clear explanation found.
ocds-5whusi-KeRRA/15/MKN/39/067/AIA/2023-2024,Marte Merchants Ltd,5720673.4,Kenya Rural Roads Authority ,normal,Low,ML model flagged as outlier — unusual pattern across multiple fields,Review contract file. Escalate if no clear explanation found.
ocds-5whusi-KeRRA/15/MKN/39/070/AIA/2023-2024,Eaglemax (k) Ltd,5815080.0,Kenya Rural Roads Authority ,normal,Low,ML model flagged as outlier — unusual pattern across multiple fields,Review contract file. Escalate if no clear explanation found.
ocds-5whusi-KeRRA/KEMA/08/039/066/2023-2024,Bidicon Engineering Co Ltd,3858856.0,Kenya Rural Roads Authority ,normal,Low,ML model flagged as outlier — unusual pattern across multiple fields,Review contract file. Escalate if no clear explanation found.
ocds-5whusi-KeRRA/KLF/08/39/108/2023-2024,Ngwae Company Limited,2795774.0,Kenya Rural Roads Authority ,normal,Low,ML model flagged as outlier — unusual pattern across multiple fields,Review contract file. Escalate if no clear explanation found.
ocds-5whusi-KeRRA/KLF/08/39/122/2023-2024,Metasphere Engineering Company Ltd,3778468.0,Kenya Rural Roads Authority ,normal,Low,ML model flagged as outlier — unusual pattern across multiple fields,Review contract file. Escalate if no clear explanation found.
ocds-5whusi-KeRRA/KTI/008/039/144/10%/MC/2023-2024,AMARK NORTHERN AGENCY LIMITED,2460.0,Kenya Rural Roads Authority ,duplicate_invoice,Medium,Amount and vendor match another contract — possible duplicate payment,Cross-check payment records. Flag for recovery if duplicate paid.
ocds-5whusi-KeRRA/MRU/08/39/116/2-24-23|24-116,pakimaka General Agencies Ltd,4349525.0,Kenya Rural Roads Authority ,normal,Low,ML model flagged as outlier — unusual pattern across multiple fields,Review contract file. Escalate if no clear explanation found.
ocds-5whusi-KeRRA/MRU/08/39/126/2-24-23|24-126,ELONINO TRADING COMPANY LIMITED,7106392.0,Kenya Rural Roads Authority ,normal,Low,ML model flagged as outlier — unusual pattern across multiple fields,Review contract file. Escalate if no clear explanation found.
ocds-5whusi-KeRRA/MRU/08/39/134/2-24-23|24-134,MINI MAX PURSUITS COMPANY LIMITED,7898474.8,Kenya Rural Roads Authority ,normal,Low,ML model flagged as outlier — unusual pattern across multiple fields,Review contract file. Escalate if no clear explanation found.
ocds-5whusi-KeRRA/MRU/08/39/142/2-24-23|24-142,mwasha civil engineers international limited,5613538.82,Kenya Rural Roads Authority ,normal,Low,ML model flagged as outlier — unusual pattern across multiple fields,Review contract file. Escalate if no clear explanation found.
ocds-5whusi-KeRRA/MRU/08/39/146/2-24-23|24-146,chaemac enterprises Limited,6709150.0,Kenya Rural Roads Authority ,normal,Low,ML model flagged as outlier — unusual pattern across multiple fields,Review contract file. Escalate if no clear explanation found.
ocds-5whusi-KeRRA/MRU/08/39/156/2-24-23|24-156,BRINT FAIR LIMITED,2799996.4,Kenya Rural Roads Authority ,normal,Low,ML model flagged as outlier — unusual pattern across multiple fields,Review contract file. Escalate if no clear explanation found.
ocds-5whusi-KeRRA/MRU/08/39/159/2-24-23|24-159,Sologracious Company ltd,8001003.0,Kenya Rural Roads Authority ,normal,Low,ML model flagged as outlier — unusual pattern across multiple fields,Review contract file. Escalate if no clear explanation found.
ocds-5whusi-KeRRA/TNZ/008/39/077/2023/2024,Edukello Ent. Ltd,4889980.0,Kenya Rural Roads Authority ,after_hours_entry,Medium,Transaction posted outside business hours — unusual timing,Verify who posted and why. Check system access logs.
ocds-5whusi-KGN-LEG-020-2023,UNKNOWN,61008058.0,Kenya Electricity  Generating Company,direct_procurement,High,Direct award method used — competitive bidding bypassed,Verify justification for direct award. Check approval authority.
ocds-5whusi-KICC/22/2022-2023,ANCHOR CONSOLIDATED LTD,94430830.0,The Kenyatta International Convention Centre,direct_procurement,High,Direct award method used — competitive bidding bypassed,Verify justification for direct award. Check approval authority.
ocds-5whusi-KICC/74/2023-2024,Icon Miles Limited,5976977.54,The Kenyatta International Convention Centre,direct_procurement,High,Direct award method used — competitive bidding bypassed,Verify justification for direct award. Check approval authority.
ocds-5whusi-KICD/ADM/014/2021-2022.,UNKNOWN,328913016.0,Kenya Institute of Curriculum Development,missing_supplier,High,Contract awarded with no supplier recorded — bypasses vendor accountability,Obtain supplier details from procuring entity. Escalate if unresolved.
ocds-5whusi-KICD/ADM/014/2021-2022.,UNKNOWN,370727410.35,Kenya Institute of Curriculum Development,missing_supplier,High,Contract awarded with no supplier recorded — bypasses vendor accountability,Obtain supplier details from procuring entity. Escalate if unresolved.
ocds-5whusi-KICD/ADM/048/2022-2023,KENYA LITERATURE BUREAU,102555488.37,Kenya Institute of Curriculum Development,direct_procurement,High,Direct award method used — competitive bidding bypassed,Verify justification for direct award. Check approval authority.
"ocds-5whusi-KICD/FC/001/2022-2023,",MENTOR PUBLISHERS,328164340.0,Kenya Institute of Curriculum Development,normal,Low,ML model flagged as outlier — unusual pattern across multiple fields,Review contract file. Escalate if no clear explanation found.
"ocds-5whusi-KICD/FC/001/2022-2023,",MORAN PUBLISHERS,400160113.4,Kenya Institute of Curriculum Development,normal,Low,ML model flagged as outlier — unusual pattern across multiple fields,Review contract file. Escalate if no clear explanation found.
"ocds-5whusi-KICD/FC/001/2022-2023,",MOUNTAIN TOP EDUCATIONAL PUBLISHERS,530934770.0,Kenya Institute of Curriculum Development,normal,Low,ML model flagged as outlier — unusual pattern across multiple fields,Review contract file. Escalate if no clear explanation found.
"ocds-5whusi-KICD/FC/001/2022-2023,",KENYA LITERATURE BUREAU,787875004.0,Kenya Institute of Curriculum Development,normal,Low,ML model flagged as outlier — unusual pattern across multiple fields,Review contract file. Escalate if no clear explanation found.
"ocds-5whusi-KICD/FC/001/2022-2023,",SPOTLIGHT PUBLISHERS LIMITED,304098695.0,Kenya Institute of Curriculum Development,normal,Low,ML model flagged as outlier — unusual pattern across multiple fields,Review contract file. Escalate if no clear explanation found.
"ocds-5whusi-KICD/FC/001/2022-2023,",BOOKMARK AFRICA,203155695.2,Kenya Institute of Curriculum Development,normal,Low,ML model flagged as outlier — unusual pattern across multiple fields,Review contract file. Escalate if no clear explanation found.
"ocds-5whusi-KICD/FC/001/2022-2023,",EAEP,319440360.0,Kenya Institute of Curriculum Development,normal,Low,ML model flagged as outlier — unusual pattern across multiple fields,Review contract file. Escalate if no clear explanation found.
"ocds-5whusi-KICD/FC/001/2022-2023,",LONGHORN PUBLISHER,479161710.0,Kenya Institute of Curriculum Development,normal,Low,ML model flagged as outlier — unusual pattern across multiple fields,Review contract file. Escalate if no clear explanation found.
ocds-5whusi-KMTC/22/2023-2024,ONWARD ENERGY LIMITED,15427663.02,Kenya Medical training College,normal,Low,ML model flagged as outlier — unusual pattern across multiple fields,Review contract file. Escalate if no clear explanation found.
ocds-5whusi-KNBS/DP/25/2023-2024,V. A. NYAMODI & COMPANY ADVOCATES,28580460.0,Kenya National Bureau of Statistics,direct_procurement,High,Direct award method used — competitive bidding bypassed,Verify justification for direct award. Check approval authority.
ocds-5whusi-KP11/9A.1A/RFQ/HRA/05/23-24,KEAPH ENTERPRISES,104346640.0,Kenya Power & Lighting Company,normal,Low,ML model flagged as outlier — unusual pattern across multiple fields,Review contract file. Escalate if no clear explanation found.
ocds-5whusi-KP1/9A.2/DT/042/ICT/21-22,technology Service Providers of Kenya Ltd,570000.0,Kenya Power & Lighting Company,direct_procurement,High,Direct award method used — competitive bidding bypassed,Verify justification for direct award. Check approval authority.
ocds-5whusi-KP1/9A.2/OT/051/ICT/22-23,UNKNOWN,64726337.0,Kenya Power & Lighting Company,missing_supplier,High,Contract awarded with no supplier recorded — bypasses vendor accountability,Obtain supplier details from procuring entity. Escalate if unresolved.
ocds-5whusi-KP1/9A.3/DT/09/21-22,M/S NUMERICAL MACHINING COMPLEX LTD,138745657.0,Kenya Power & Lighting Company,direct_procurement,High,Direct award method used — competitive bidding bypassed,Verify justification for direct award. Check approval authority.
ocds-5whusi-KP1/9A.3/OT/15/FA/21-22,UNKNOWN,470941732.2,Kenya Power & Lighting Company,missing_supplier,High,Contract awarded with no supplier recorded — bypasses vendor accountability,Obtain supplier details from procuring entity. Escalate if unresolved.
ocds-5whusi-KP1/9A.3/OT/24/23-24,YOCEAN (GROUP) LIMITED,90573380.0,Kenya Power & Lighting Company,normal,Low,ML model flagged as outlier — unusual pattern across multiple fields,Review contract file. Escalate if no clear explanation found.
ocds-5whusi-KP1/9A.3/OT/33/23-24,Amotech Africa Limited,114970759.66,Kenya Power & Lighting Company,normal,Low,ML model flagged as outlier — unusual pattern across multiple fields,Review contract file. Escalate if no clear explanation found.
ocds-5whusi-KP1/9A.3/RT/001/FA/MFB1/24-25,ABM HOLDINGS LIMITED,359733168.0,Kenya Power & Lighting Company,normal,Low,ML model flagged as outlier — unusual pattern across multiple fields,Review contract file. Escalate if no clear explanation found.
ocds-5whusi-KP1/9A.3/RT/001/FA/MFB1/24-25,AFRICAN ENERGY GROUP LIMITED,123730240.0,Kenya Power & Lighting Company,normal,Low,ML model flagged as outlier — unusual pattern across multiple fields,Review contract file. Escalate if no clear explanation found.
ocds-5whusi-KP1/9A.3/RT/001/FA/MFB1/24-25,COMPACT POLES AND SERVICES LTD,159848000.0,Kenya Power & Lighting Company,normal,Low,ML model flagged as outlier — unusual pattern across multiple fields,Review contract file. Escalate if no clear explanation found.
ocds-5whusi-KP1/9A.3/RT/001/FA/MFB1/24-25,KREATIVE CONCRETE PRODUCTS LTD,113207786.39,Kenya Power & Lighting Company,normal,Low,ML model flagged as outlier — unusual pattern across multiple fields,Review contract file. Escalate if no clear explanation found.
ocds-5whusi-KP1/9A.3/RT/001/FA/MFB1/24-25,MERU SUPREME INDUSTRIES LIMITED,59915740.0,Kenya Power & Lighting Company,normal,Low,ML model flagged as outlier — unusual pattern across multiple fields,Review contract file. Escalate if no clear explanation found.
ocds-5whusi-KP1/9A.3/RT/001/FA/MFB1/24-25,RAI CEMENT LIMITED,18418340.8,Kenya Power & Lighting Company,normal,Low,ML model flagged as outlier — unusual pattern across multiple fields,Review contract file. Escalate if no clear explanation found.
ocds-5whusi-KP1/9A.3/RT/001/FA/MFB1/24-25,TRUCKS CITY LIMITED,68184800.0,Kenya Power & Lighting Company,normal,Low,ML model flagged as outlier — unusual pattern across multiple fields,Review contract file. Escalate if no clear explanation found.
ocds-5whusi-KP1/9A.3/RT/001/FA/MFB1/24-25,WORLD POLES LIMITED,202936200.0,Kenya Power & Lighting Company,normal,Low,ML model flagged as outlier — unusual pattern across multiple fields,Review contract file. Escalate if no clear explanation found.
ocds-5whusi-KP1/9A.3/RT/31/23-24,TECHNOMASTERS SUPPLIERS,10000000.0,Kenya Power & Lighting Company,round_number_fraud,Medium,Suspiciously round contract amount — possible pre-arranged award,Request quotation records. Compare with market rates.
ocds-5whusi-KPA/003/2024-25/ICT,CENTRIC LTD,110200000.0,Kenya Ports Authority,normal,Low,ML model flagged as outlier — unusual pattern across multiple fields,Review contract file. Escalate if no clear explanation found.
ocds-5whusi-KPA/004/2024-25/PDM,M/S CHINA CIVIL ENGINEERING CONSTRUCTION CORPORATION & CRCC HARBOR & CHANNEL ENGINEERING BUREAU GROUP CO. LTD,16945162970.15,Kenya Ports Authority,normal,Low,ML model flagged as outlier — unusual pattern across multiple fields,Review contract file. Escalate if no clear explanation found.
ocds-5whusi-KPA/008/2023-24/TE,UNKNOWN,7580500.0,Kenya Ports Authority,missing_supplier,High,Contract awarded with no supplier recorded — bypasses vendor accountability,Obtain supplier details from procuring entity. Escalate if unresolved.
ocds-5whusi-KPA/019/2023-24/CCE,ABOVE ALL VENTURES,32722398.0,Kenya Ports Authority,normal,Low,ML model flagged as outlier — unusual pattern across multiple fields,Review contract file. Escalate if no clear explanation found.
ocds-5whusi-KPA/083/2023-24/TE,BEK SUPPLIERS LTD,16720628.19,Kenya Ports Authority,direct_procurement,High,Direct award method used — competitive bidding bypassed,Verify justification for direct award. Check approval authority.
ocds-5whusi-KPA/085/2023-24/FS,KENYA SHIPYARD LIMITED,3195115311.88,Kenya Ports Authority,direct_procurement,High,Direct award method used — competitive bidding bypassed,Verify justification for direct award. Check approval authority.
ocds-5whusi-KPA/098/2023-24/CE,HALSA SOLUTIONS LIMITED,34800000.0,Kenya Ports Authority,normal,Low,ML model flagged as outlier — unusual pattern across multiple fields,Review contract file. Escalate if no clear explanation found.
ocds-5whusi-KPA/101/2023-24/ME,KENYA SHIPYARDS LIMITED,753832614.15,Kenya Ports Authority,direct_procurement,High,Direct award method used — competitive bidding bypassed,Verify justification for direct award. Check approval authority.
ocds-5whusi-KPA/111/2023-24/EE,UNKNOWN,84326200.0,Kenya Ports Authority,missing_supplier,High,Contract awarded with no supplier recorded — bypasses vendor accountability,Obtain supplier details from procuring entity. Escalate if unresolved.
ocds-5whusi-KPA/114/2023-24/CE,UNIVERSAL BUSINESS SOLUTION,30685446.5,Kenya Ports Authority,normal,Low,ML model flagged as outlier — unusual pattern across multiple fields,Review contract file. Escalate if no clear explanation found.
ocds-5whusi-KPA/122/2023-24/CE,UNKNOWN,47492822.08,Kenya Ports Authority,missing_supplier,High,Contract awarded with no supplier recorded — bypasses vendor accountability,Obtain supplier details from procuring entity. Escalate if unresolved.
ocds-5whusi-KPA/124/2023-24/CE,UNKNOWN,22671763.84,Kenya Ports Authority,missing_supplier,High,Contract awarded with no supplier recorded — bypasses vendor accountability,Obtain supplier details from procuring entity. Escalate if unresolved.
ocds-5whusi-KPA/128/2023-24/CE,SUBISA COMMUNICATIONS LIMITED,29021344.0,Kenya Ports Authority,normal,Low,ML model flagged as outlier — unusual pattern across multiple fields,Review contract file. Escalate if no clear explanation found.
ocds-5whusi-KPA/141/2023-24/CCE,LOWEEN INVESTMENT,16254374.44,Kenya Ports Authority,normal,Low,ML model flagged as outlier — unusual pattern across multiple fields,Review contract file. Escalate if no clear explanation found.
ocds-5whusi-KPA/142/2023-24/CCE,Aldaki Enterprises,24707303.6,Kenya Ports Authority,normal,Low,ML model flagged as outlier — unusual pattern across multiple fields,Review contract file. Escalate if no clear explanation found.
ocds-5whusi-KPA/145/2023-24/EE,M/s Perfcon Ltd,86386427.28,Kenya Ports Authority,normal,Low,ML model flagged as outlier — unusual pattern across multiple fields,Review contract file. Escalate if no clear explanation found.
ocds-5whusi-KPA/152/2023-24/ICT,NEXT TECHNOLOGIES LIMITED,1021785425.0,Kenya Ports Authority,normal,Low,ML model flagged as outlier — unusual pattern across multiple fields,Review contract file. Escalate if no clear explanation found.
ocds-5whusi-KPA/154/2023-24/CE,SOSBILA CONSTRUCTION LIMITED,50271906.0,Kenya Ports Authority,normal,Low,ML model flagged as outlier — unusual pattern across multiple fields,Review contract file. Escalate if no clear explanation found.
ocds-5whusi-KPA/158/2023-24/ICDN,SAJUCY COMPANY,69600000.0,Kenya Ports Authority,direct_procurement,High,Direct award method used — competitive bidding bypassed,Verify justification for direct award. Check approval authority.
ocds-5whusi-KPA/160/2023-24/TE,POWER PARTS (K) LTD,14940238.2,Kenya Ports Authority,direct_procurement,High,Direct award method used — competitive bidding bypassed,Verify justification for direct award. Check approval authority.
ocds-5whusi-KPA/228/2023-24/EE,M/S. PAO TECHNICS LTD,30129000.0,Kenya Ports Authority,normal,Low,ML model flagged as outlier — unusual pattern across multiple fields,Review contract file. Escalate if no clear explanation found.
ocds-5whusi-KPA/246/2023-24/CE,TRANSMAR LIMMITED,102082581.58,Kenya Ports Authority,normal,Low,ML model flagged as outlier — unusual pattern across multiple fields,Review contract file. Escalate if no clear explanation found.
ocds-5whusi-KPA/255/2023-24/TE,BLUCON INDUSTRIAL SUPPLIES LTD,12982652.0,Kenya Ports Authority,direct_procurement,High,Direct award method used — competitive bidding bypassed,Verify justification for direct award. Check approval authority.
ocds-5whusi-KPA/260/2023-24/EE,MANACON CONSTRUCTION LIMITED,24056660.0,Kenya Ports Authority,normal,Low,ML model flagged as outlier — unusual pattern across multiple fields,Review contract file. Escalate if no clear explanation found.
ocds-5whusi-KPA/264/2023-24/EE,VECTOR INTERNATIONAL,26523346.46,Kenya Ports Authority,normal,Low,ML model flagged as outlier — unusual pattern across multiple fields,Review contract file. Escalate if no clear explanation found.
ocds-5whusi-KPA/286/2023-24/LP,MERCANTILE CARGO TERMINAL OPERATION LIMITED,0.0,Kenya Ports Authority,direct_procurement,High,Direct award method used — competitive bidding bypassed,Verify justification for direct award. Check approval authority.
ocds-5whusi-KPA/287/2023-24/ICDN,HOME GROWN ENTERPRISES LIMITED,63381502.8,Kenya Ports Authority,direct_procurement,High,Direct award method used — competitive bidding bypassed,Verify justification for direct award. Check approval authority.
ocds-5whusi-KPA/302/2023-24/TE,KIMZAM ENERGY LIMITED,29894348.4,Kenya Ports Authority,normal,Low,ML model flagged as outlier — unusual pattern across multiple fields,Review contract file. Escalate if no clear explanation found.
ocds-5whusi-KPC/PU/DP-129(WEL)NBI/23-24,UNKNOWN,255200.0,Kenya Pipeline Company,direct_procurement,High,Direct award method used — competitive bidding bypassed,Verify justification for direct award. Check approval authority.
ocds-5whusi-KPC/PU/OT – 076/ICT/NBI/24 - 25,AGILE BUSINESS TECHNOLOGIES LIMITED,119164950.0,Kenya Pipeline Company,normal,Low,ML model flagged as outlier — unusual pattern across multiple fields,Review contract file. Escalate if no clear explanation found.
ocds-5whusi-KPC/PU/OT-241/CORR/NBI/23-24,Assis Construction Company Limited,320786284.81,Kenya Pipeline Company,normal,Low,ML model flagged as outlier — unusual pattern across multiple fields,Review contract file. Escalate if no clear explanation found.
ocds-5whusi-KPI/9A.2/DT/014/ADM/21-22,safaricom plc,59260500.0,Kenya Power & Lighting Company,direct_procurement,High,Direct award method used — competitive bidding bypassed,Verify justification for direct award. Check approval authority.
ocds-5whusi-KPRL/DP/024.003/2023-2024,TIGMAN LIMITED,445947.94,Kenya Petroleum Refineries Limited,direct_procurement,High,Direct award method used — competitive bidding bypassed,Verify justification for direct award. Check approval authority.
ocds-5whusi-KPRL/RT/023.040/2023-2024,UNKNOWN,5172440.0,Kenya Petroleum Refineries Limited,missing_supplier,High,Contract awarded with no supplier recorded — bypasses vendor accountability,Obtain supplier details from procuring entity. Escalate if unresolved.
ocds-5whusi-KPRL/RT/023.040/2023-2024,TIGMAN LIMITED,9407182.4,Kenya Petroleum Refineries Limited,normal,Low,ML model flagged as outlier — unusual pattern across multiple fields,Review contract file. Escalate if no clear explanation found.
ocds-5whusi-KRA/HQS/DP-001/2024-2025,SICPA SA,1010.0,Kenya Revenue Authority,direct_procurement,High,Direct award method used — competitive bidding bypassed,Verify justification for direct award. Check approval authority.
ocds-5whusi-KRA/HQS/DP-015/2024-2025,Cleanmark Limited,9992400.0,Kenya Revenue Authority,direct_procurement,High,Direct award method used — competitive bidding bypassed,Verify justification for direct award. Check approval authority.
ocds-5whusi-KRA/HQS/DP-050/2023-2024,UNKNOWN,47070480.0,Kenya Revenue Authority,direct_procurement,High,Direct award method used — competitive bidding bypassed,Verify justification for direct award. Check approval authority.
ocds-5whusi-KRA/HQS/DP-055/2023-2024,Schindler Limited,15859445.76,Kenya Revenue Authority,direct_procurement,High,Direct award method used — competitive bidding bypassed,Verify justification for direct award. Check approval authority.
ocds-5whusi-KRA/HQS/DP-102/2022/2023,UNKNOWN,4927173.2,Kenya Revenue Authority,direct_procurement,High,Direct award method used — competitive bidding bypassed,Verify justification for direct award. Check approval authority.
ocds-5whusi-KRA/HQS/NCB-002/2024-2025,Biometrics Technology Limited,486872100.0,Kenya Revenue Authority,normal,Low,ML model flagged as outlier — unusual pattern across multiple fields,Review contract file. Escalate if no clear explanation found.
ocds-5whusi-KRA/HQS/NCB-002/2024-2025,Vickers Security Services Limited,1182024000.0,Kenya Revenue Authority,normal,Low,ML model flagged as outlier — unusual pattern across multiple fields,Review contract file. Escalate if no clear explanation found.
ocds-5whusi-KRA/HQS/NCB-048/2023-2024,Pamar Civil & Building Contractors Limited,79072080.0,Kenya Revenue Authority,after_hours_entry,Medium,Transaction posted outside business hours — unusual timing,Verify who posted and why. Check system access logs.
ocds-5whusi-KRA/HQS/NCB-075/2023-2024,Isolutions Associates Limited,87572561.94,Kenya Revenue Authority,normal,Low,ML model flagged as outlier — unusual pattern across multiple fields,Review contract file. Escalate if no clear explanation found.
ocds-5whusi-KR/SCM/004/2023-2024,ALEM CONVERS SERVICE LIMITED,5425073.0,Kenya Railways ,normal,Low,ML model flagged as outlier — unusual pattern across multiple fields,Review contract file. Escalate if no clear explanation found.
ocds-5whusi-KR/SCM/037/2023-2024,BIZCAN TRANSPORTERS,23100000.0,Kenya Railways ,normal,Low,ML model flagged as outlier — unusual pattern across multiple fields,Review contract file. Escalate if no clear explanation found.
ocds-5whusi-KR/SCM/052/2024-2025,FOREMEOST EMTERPRISES LMITED,141522150.0,Kenya Railways ,normal,Low,ML model flagged as outlier — unusual pattern across multiple fields,Review contract file. Escalate if no clear explanation found.
ocds-5whusi-KR/SCM/077/2023-2024,AWAD AUTO LIMITED,19600000.0,Kenya Railways ,after_hours_entry,Medium,Transaction posted outside business hours — unusual timing,Verify who posted and why. Check system access logs.
ocds-5whusi-KR/SCM/093/2023-2024,MAYSAMAHIR (M&M) INVESTMENT  LIMITED,26800000.0,Kenya Railways ,normal,Low,ML model flagged as outlier — unusual pattern across multiple fields,Review contract file. Escalate if no clear explanation found.
ocds-5whusi-KR/SCM/104/2023-2024,GLOHOPEN KENYA LIMITED,100870000.0,Kenya Railways ,normal,Low,ML model flagged as outlier — unusual pattern across multiple fields,Review contract file. Escalate if no clear explanation found.
ocds-5whusi-KR/SCM/143/2023-2024,YAKUTI BLUE LIMITED,15981529.0,Kenya Railways ,normal,Low,ML model flagged as outlier — unusual pattern across multiple fields,Review contract file. Escalate if no clear explanation found.
ocds-5whusi-KR/SCM/DPR/060/2023-2024,AWAD AUTO LIMITED,29968750.0,Kenya Railways ,direct_procurement,High,Direct award method used — competitive bidding bypassed,Verify justification for direct award. Check approval authority.
ocds-5whusi-KRSRBS/PLM/C219,TECTO CLEANING SERVICES,970.0,Kenya Railways Staff Retirement Benefits Scheme,direct_procurement,High,Direct award method used — competitive bidding bypassed,Verify justification for direct award. Check approval authority.
ocds-5whusi-KSU/T/27/2023/2024,cfao motor kenya ltd,174962.73,Kisii University,direct_procurement,High,Direct award method used — competitive bidding bypassed,Verify justification for direct award. Check approval authority.
ocds-5whusi-KSU/T/27/2023/2024,cfao motor kenya ltd,207775.82,Kisii University,direct_procurement,High,Direct award method used — competitive bidding bypassed,Verify justification for direct award. Check approval authority.
ocds-5whusi-KSU/T/27/2023/2024,cfao motor kenya ltd,160161.85,Kisii University,direct_procurement,High,Direct award method used — competitive bidding bypassed,Verify justification for direct award. Check approval authority.
ocds-5whusi-KSU/T/27/2023/2024,cfao motor kenya ltd,19431.39,Kisii University,direct_procurement,High,Direct award method used — competitive bidding bypassed,Verify justification for direct award. Check approval authority.
ocds-5whusi-KSU/T/27/2023/2024,cfao motor kenya ltd,137931.96,Kisii University,direct_procurement,High,Direct award method used — competitive bidding bypassed,Verify justification for direct award. Check approval authority.
ocds-5whusi-KSU/T/27/2023/2024,cfao motor kenya ltd,111798.37,Kisii University,direct_procurement,High,Direct award method used — competitive bidding bypassed,Verify justification for direct award. Check approval authority.
ocds-5whusi-KSU/T/27/2023/2024,cfao motor kenya ltd,70385.38,Kisii University,direct_procurement,High,Direct award method used — competitive bidding bypassed,Verify justification for direct award. Check approval authority.
ocds-5whusi-KSU/T/27/2023/2024,cfao motor kenya ltd,371782.78,Kisii University,direct_procurement,High,Direct award method used — competitive bidding bypassed,Verify justification for direct award. Check approval authority.
ocds-5whusi-KSU/T/27/2023/2024,cfao motor kenya ltd,28461.08,Kisii University,direct_procurement,High,Direct award method used — competitive bidding bypassed,Verify justification for direct award. Check approval authority.
ocds-5whusi-KSU/T/27/2023/2024,cfao motor kenya ltd,129359.58,Kisii University,direct_procurement,High,Direct award method used — competitive bidding bypassed,Verify justification for direct award. Check approval authority.
ocds-5whusi-KSU/T/27/2023/2024,cfao motor kenya ltd,373884.67,Kisii University,direct_procurement,High,Direct award method used — competitive bidding bypassed,Verify justification for direct award. Check approval authority.
ocds-5whusi-KSU/T/27/2023/2024,cfao motor kenya ltd,75715.57,Kisii University,direct_procurement,High,Direct award method used — competitive bidding bypassed,Verify justification for direct award. Check approval authority.
ocds-5whusi-KTB/DP/0003/2024-2025,WANDERLUST DIARIES LTD,250000.0,Kenya Tourism Board,direct_procurement,High,Direct award method used — competitive bidding bypassed,Verify justification for direct award. Check approval authority.
ocds-5whusi-KTB/DP/0035/2023-2024,Concept Forty Media,139200.0,Kenya Tourism Board,direct_procurement,High,Direct award method used — competitive bidding bypassed,Verify justification for direct award. Check approval authority.
ocds-5whusi-KURA/LE/SCM/034/2023-2024,Total Energies Kenya PLC,149999.4,Kenya Urban Roads Authority,direct_procurement,High,Direct award method used — competitive bidding bypassed,Verify justification for direct award. Check approval authority.
ocds-5whusi-KVDA/T/63/2023-2024,UNKNOWN,22146463.5,KERIO VALLEY DEVELOPMENT AUTHORITY (KVDA),missing_supplier,High,Contract awarded with no supplier recorded — bypasses vendor accountability,Obtain supplier details from procuring entity. Escalate if unresolved.
ocds-5whusi-KWS/RT/SEC/56/23-24,UNKNOWN,50978420.0,Kenya Wildlife Service,missing_supplier,High,Contract awarded with no supplier recorded — bypasses vendor accountability,Obtain supplier details from procuring entity. Escalate if unresolved.
ocds-5whusi-KyU/RFQ/01450/2023-2024,Afela Co. LTD ,83706349.53,Kirinyaga University,duplicate_invoice,Medium,Amount and vendor match another contract — possible duplicate payment,Cross-check payment records. Flag for recovery if duplicate paid.
ocds-5whusi-LBDA/RT/04/2023/2024LOT2,Chridal Enterprises Ltd,63440031.0,Lake Basin Development Authority,normal,Low,ML model flagged as outlier — unusual pattern across multiple fields,Review contract file. Escalate if no clear explanation found.
ocds-5whusi-LBDA/RT/08/2023/2024,Vicopat Geological & Geotechnical Consultants Ltd,30106304.2,Lake Basin Development Authority,normal,Low,ML model flagged as outlier — unusual pattern across multiple fields,Review contract file. Escalate if no clear explanation found.
ocds-5whusi-LVNWWDA/GK/BGM/STATELODGE/2023-2024/02,Blue Swift Contractor &General Supplies,126600000.0,Lake Victoria North Water services Board,normal,Low,ML model flagged as outlier — unusual pattern across multiple fields,Review contract file. Escalate if no clear explanation found.
ocds-5whusi-LVSWWDA/KC/T/22/2023-2024,Hiraan Construction Company Limited,138861043.0,Lake Victoria South Water Services Board,normal,Low,ML model flagged as outlier — unusual pattern across multiple fields,Review contract file. Escalate if no clear explanation found.
ocds-5whusi-MCG/518/2024/2025,Bekath Limited,3722665.0,Murang'a County Government,normal,Low,ML model flagged as outlier — unusual pattern across multiple fields,Review contract file. Escalate if no clear explanation found.
ocds-5whusi-MCG/531/2024/2025,Albaa Merchants Enterprises Limited,1514500.0,Murang'a County Government,normal,Low,ML model flagged as outlier — unusual pattern across multiple fields,Review contract file. Escalate if no clear explanation found.
ocds-5whusi-MCG/OT/002/2023-2024,SHARUS CONSTRUCTION AND SUPPLIERS COMPANY LIMITE,138214663.0,Mandera County Government,normal,Low,ML model flagged as outlier — unusual pattern across multiple fields,Review contract file. Escalate if no clear explanation found.
ocds-5whusi-MCG/OT/018/2023-2024,UNKNOWN,128388015.0,Mandera County Government,missing_supplier,High,Contract awarded with no supplier recorded — bypasses vendor accountability,Obtain supplier details from procuring entity. Escalate if unresolved.
ocds-5whusi-MCG/OT/020/2023-2024,UNKNOWN,208818952.65,Mandera County Government,missing_supplier,High,Contract awarded with no supplier recorded — bypasses vendor accountability,Obtain supplier details from procuring entity. Escalate if unresolved.
ocds-5whusi-MCG/OT/070/2023-2024,UNKNOWN,184682867.46,Mandera County Government,missing_supplier,High,Contract awarded with no supplier recorded — bypasses vendor accountability,Obtain supplier details from procuring entity. Escalate if unresolved.
ocds-5whusi-MKSU/Q/45/2024/2025,RIVATEX EAST AFRICA,1300336.21,Machakos University,direct_procurement,High,Direct award method used — competitive bidding bypassed,Verify justification for direct award. Check approval authority.
ocds-5whusi-MOE/KPEELP/RFB/01/2022-2023,Kentek Solutions Limited,114478328.0,Early Learning & Basic Education,normal,Low,ML model flagged as outlier — unusual pattern across multiple fields,Review contract file. Escalate if no clear explanation found.
ocds-5whusi-NAC/0T/14/2024-2025,APA Insurance Limited,26999300.0,National Authority for the Campaign Against Alcohol and Drug Abuse,normal,Low,ML model flagged as outlier — unusual pattern across multiple fields,Review contract file. Escalate if no clear explanation found.
ocds-5whusi-NACONEK/RT/06/2022-2023,NOTHERN POINT VENTURES,17598064.2,NATIONAL COUNCIL FOR NOMADIC EDUCATION IN KENYA,normal,Low,ML model flagged as outlier — unusual pattern across multiple fields,Review contract file. Escalate if no clear explanation found.
ocds-5whusi-NCCASB/OT/05/01/2023/2024,Joint Venture between Zikera solutions Limited and Back Track Limited ,59384722.4,County Assembly Of Nairobi,normal,Low,ML model flagged as outlier — unusual pattern across multiple fields,Review contract file. Escalate if no clear explanation found.
ocds-5whusi-NCG/OT/028/2024-2025,SIDAI NADUPA LIMITED,65337721.0,Narok County Government,normal,Low,ML model flagged as outlier — unusual pattern across multiple fields,Review contract file. Escalate if no clear explanation found.
ocds-5whusi-NCG/RT/018/2022-2023,Paristar Enterprises Limited,15662262.0,Narok County Government,normal,Low,ML model flagged as outlier — unusual pattern across multiple fields,Review contract file. Escalate if no clear explanation found.
ocds-5whusi-NCG/RT/022/2022-2023,UNKNOWN,16858866.67,Narok County Government,missing_supplier,High,Contract awarded with no supplier recorded — bypasses vendor accountability,Obtain supplier details from procuring entity. Escalate if unresolved.
ocds-5whusi-NCG/RT/026/2022-2023,TOWFIQ BUILDING COMPANY ,14000000.0,Narok County Government,normal,Low,ML model flagged as outlier — unusual pattern across multiple fields,Review contract file. Escalate if no clear explanation found.
ocds-5whusi-NCH-15-12-2023,SALVADOR CAETANO KENYA,170460.86,NATIONAL HEROES COUNCIL,direct_procurement,High,Direct award method used — competitive bidding bypassed,Verify justification for direct award. Check approval authority.
ocds-5whusi-NDMA/27/2023-2024,Gafars Company Limited,45101814.08,National Drought Management Authority,normal,Low,ML model flagged as outlier — unusual pattern across multiple fields,Review contract file. Escalate if no clear explanation found.
ocds-5whusi-NHIF-DP-005-2021-2022,MIBM,211500000.0,National Hospital Insurance Fund,direct_procurement,High,Direct award method used — competitive bidding bypassed,Verify justification for direct award. Check approval authority.
ocds-5whusi-NKCC/T/012/2024-2025,Canon Security Services (K) Ltd,37845456.0,New Kenya Co-operative Creameries Ltd,normal,Low,ML model flagged as outlier — unusual pattern across multiple fields,Review contract file. Escalate if no clear explanation found.
ocds-5whusi-NSSF/TC/22/2023-2024,SKM AFRICA,9300000.0,National Social Security Fund,direct_procurement,High,Direct award method used — competitive bidding bypassed,Verify justification for direct award. Check approval authority.
ocds-5whusi-NTSA/DP-007/2024-2025,CFAO MOBILITY,43049.92,National Transport and Safety Authority,direct_procurement,High,Direct award method used — competitive bidding bypassed,Verify justification for direct award. Check approval authority.
ocds-5whusi-NTSA/DP-021/2023-2024,NATIONAL BANK IN CONSORTIUM WITH PESA PRINT,235000000.0,National Transport and Safety Authority,direct_procurement,High,Direct award method used — competitive bidding bypassed,Verify justification for direct award. Check approval authority.
ocds-5whusi-NTSA/RFQ-240/2021-2022,ANGANI TOURS & TRAVEL,116150.0,National Transport and Safety Authority,after_hours_entry,Medium,Transaction posted outside business hours — unusual timing,Verify who posted and why. Check system access logs.
ocds-5whusi-NTSA/RFQ-336/2023-2024,Sosmut Trading Company Limited,137877964.96,National Transport and Safety Authority,duplicate_invoice,Medium,Amount and vendor match another contract — possible duplicate payment,Cross-check payment records. Flag for recovery if duplicate paid.
ocds-5whusi-NTSA/RFQ-422/2023-2024,African Touch Safaris,174600.0,National Transport and Safety Authority,after_hours_entry,Medium,Transaction posted outside business hours — unusual timing,Verify who posted and why. Check system access logs.
ocds-5whusi-NWHSA/ONT/003/2024-2025,AMG Sagirin  Ltd,49061661.08,National Water Harvesting and Storage Authority,normal,Low,ML model flagged as outlier — unusual pattern across multiple fields,Review contract file. Escalate if no clear explanation found.
ocds-5whusi-NWWDA/T/CW/009/2024-2025,Akahab Suppliers and Construction Company L imited,14419457.0,Northern Water Works Development Agency,normal,Low,ML model flagged as outlier — unusual pattern across multiple fields,Review contract file. Escalate if no clear explanation found.
ocds-5whusi-OAG/OT/31/2023-2024,SAFARICOM PLC,87630936.14,Office of the Auditor General,normal,Low,ML model flagged as outlier — unusual pattern across multiple fields,Review contract file. Escalate if no clear explanation found.
ocds-5whusi-PA/QUOT/DP/134/2023-2024,CFAO Kenya Limited,271664.61,Privatisation Authority,direct_procurement,High,Direct award method used — competitive bidding bypassed,Verify justification for direct award. Check approval authority.
ocds-5whusi-PC/QUOT/DP/112/2023-2024.,UNKNOWN,46400.0,Privatisation Authority,direct_procurement,High,Direct award method used — competitive bidding bypassed,Verify justification for direct award. Check approval authority.
ocds-5whusi-PC/QUOT/DP/68/2023-2024,UNKNOWN,826500.0,Privatisation Authority,direct_procurement,High,Direct award method used — competitive bidding bypassed,Verify justification for direct award. Check approval authority.
ocds-5whusi-RFX1000001051,UNKNOWN,55425778.06,Rural Electrification Authority,missing_supplier,High,Contract awarded with no supplier recorded — bypasses vendor accountability,Obtain supplier details from procuring entity. Escalate if unresolved.
ocds-5whusi-SASDF/RT/03/2023-2024,GAMACHU INVESTIMENTS LIMITED,7620750.0,"Sports, Arts and Social Development Fund",normal,Low,ML model flagged as outlier — unusual pattern across multiple fields,Review contract file. Escalate if no clear explanation found.
ocds-5whusi-SDLPP/OT/01/2024-2025 (IFMIS TENDER NO: 1654726-2024/2025),Isuzu East Africa Limited,998508597.0,Ministry of Lands and Physical Planning,normal,Low,ML model flagged as outlier — unusual pattern across multiple fields,Review contract file. Escalate if no clear explanation found.
ocds-5whusi-SNSC/059A/2022/2023,Amity Software Systems Limited,11960000.0,South Nyanza Sugar Company Limited,direct_procurement,High,Direct award method used — competitive bidding bypassed,Verify justification for direct award. Check approval authority.
ocds-5whusi-SNSC/083/2023/2024,AHR International Limited,2794818.82,South Nyanza Sugar Company Limited,direct_procurement,High,Direct award method used — competitive bidding bypassed,Verify justification for direct award. Check approval authority.
ocds-5whusi-SNSC/145/2024/2025,Thomas Broadbent & Sons Limited,6679253.63,South Nyanza Sugar Company Limited,direct_procurement,High,Direct award method used — competitive bidding bypassed,Verify justification for direct award. Check approval authority.
ocds-5whusi-SNSC/155/2024/2025,Molex Traders,3424378.0,South Nyanza Sugar Company Limited,normal,Low,ML model flagged as outlier — unusual pattern across multiple fields,Review contract file. Escalate if no clear explanation found.
ocds-5whusi-SNSC/155/2024/2025,Hemaru Enterprises,992252.98,South Nyanza Sugar Company Limited,normal,Low,ML model flagged as outlier — unusual pattern across multiple fields,Review contract file. Escalate if no clear explanation found.
ocds-5whusi-SNSC/155/2024/2025,Hemaru Enterprises,1912434.0,South Nyanza Sugar Company Limited,normal,Low,ML model flagged as outlier — unusual pattern across multiple fields,Review contract file. Escalate if no clear explanation found.
ocds-5whusi-SNSC/155/2024/2025,Labrana Enterprises ,1164983.36,South Nyanza Sugar Company Limited,normal,Low,ML model flagged as outlier — unusual pattern across multiple fields,Review contract file. Escalate if no clear explanation found.
ocds-5whusi-SNSC/155/2024/2025,Labrana Enterprises ,3702350.54,South Nyanza Sugar Company Limited,normal,Low,ML model flagged as outlier — unusual pattern across multiple fields,Review contract file. Escalate if no clear explanation found.
ocds-5whusi-SNSC/172/2024/2025,Waterbuck World Radiators,144072.0,South Nyanza Sugar Company Limited,direct_procurement,High,Direct award method used — competitive bidding bypassed,Verify justification for direct award. Check approval authority.
ocds-5whusi-SNSC/177/2024/2025,Manik Das Sugar Mill Consultancy Services,411568.0,South Nyanza Sugar Company Limited,normal,Low,ML model flagged as outlier — unusual pattern across multiple fields,Review contract file. Escalate if no clear explanation found.
ocds-5whusi-SNSC/180/2024/2025,Sucrotech (K) Limited,835200.0,South Nyanza Sugar Company Limited,normal,Low,ML model flagged as outlier — unusual pattern across multiple fields,Review contract file. Escalate if no clear explanation found.
ocds-5whusi-SNSC/207/2024/2025,Sucrotech (K) Limited,313200.0,South Nyanza Sugar Company Limited,normal,Low,ML model flagged as outlier — unusual pattern across multiple fields,Review contract file. Escalate if no clear explanation found.
ocds-5whusi-SNSC/207/2024/2025,Thomas Broadbent,584557.56,South Nyanza Sugar Company Limited,normal,Low,ML model flagged as outlier — unusual pattern across multiple fields,Review contract file. Escalate if no clear explanation found.
ocds-5whusi-SNSC/216/2024/2025,Thomas Broadbent & Sons Limited,4152500.0,South Nyanza Sugar Company Limited,direct_procurement,High,Direct award method used — competitive bidding bypassed,Verify justification for direct award. Check approval authority.
ocds-5whusi-SNSC/226/2024/2025,PMD Packaging Systems (PTY) Limited,2197985.44,South Nyanza Sugar Company Limited,direct_procurement,High,Direct award method used — competitive bidding bypassed,Verify justification for direct award. Check approval authority.
ocds-5whusi-SNSC/255/2024/2025,Sucrotech (K) Limited,1879200.0,South Nyanza Sugar Company Limited,normal,Low,ML model flagged as outlier — unusual pattern across multiple fields,Review contract file. Escalate if no clear explanation found.
ocds-5whusi-SNSC/283/2021/2022,Thantis Holdings Limited,7947160.0,South Nyanza Sugar Company Limited,normal,Low,ML model flagged as outlier — unusual pattern across multiple fields,Review contract file. Escalate if no clear explanation found.
ocds-5whusi-SNSC/283/2021/2022,UNKNOWN,7168800.0,South Nyanza Sugar Company Limited,missing_supplier,High,Contract awarded with no supplier recorded — bypasses vendor accountability,Obtain supplier details from procuring entity. Escalate if unresolved.
ocds-5whusi-SNSC/318/2023/2024,UNKNOWN,6745793.5,South Nyanza Sugar Company Limited,missing_supplier,High,Contract awarded with no supplier recorded — bypasses vendor accountability,Obtain supplier details from procuring entity. Escalate if unresolved.
ocds-5whusi-SNSC/332/2023/2024,Prescott Engineering Solutions Limited,17000.0,South Nyanza Sugar Company Limited,direct_procurement,High,Direct award method used — competitive bidding bypassed,Verify justification for direct award. Check approval authority.
ocds-5whusi-SNSC/333/2023/2024,UNKNOWN,553669.44,South Nyanza Sugar Company Limited,direct_procurement,High,Direct award method used — competitive bidding bypassed,Verify justification for direct award. Check approval authority.
ocds-5whusi-SNSC/337/2023/2024,CFAO MOTORS KENYA LIMITED,530931.32,South Nyanza Sugar Company Limited,direct_procurement,High,Direct award method used — competitive bidding bypassed,Verify justification for direct award. Check approval authority.
ocds-5whusi-SNSC/340A/2023/2024,UNKNOWN,560699.99,South Nyanza Sugar Company Limited,direct_procurement,High,Direct award method used — competitive bidding bypassed,Verify justification for direct award. Check approval authority.
ocds-5whusi-SNSC/346/2023/2024,UNKNOWN,250096.0,South Nyanza Sugar Company Limited,direct_procurement,High,Direct award method used — competitive bidding bypassed,Verify justification for direct award. Check approval authority.
ocds-5whusi-SNSC/354/2023/2024,UNKNOWN,3881784.79,South Nyanza Sugar Company Limited,direct_procurement,High,Direct award method used — competitive bidding bypassed,Verify justification for direct award. Check approval authority.
ocds-5whusi-SNSC/358/2023/2024,M/s Mantrac Kenya Ltd,2608338.25,South Nyanza Sugar Company Limited,direct_procurement,High,Direct award method used — competitive bidding bypassed,Verify justification for direct award. Check approval authority.
ocds-5whusi-SNSC/364/2023/2024,Lake Printers & Stationers Limited,20314.5,South Nyanza Sugar Company Limited,direct_procurement,High,Direct award method used — competitive bidding bypassed,Verify justification for direct award. Check approval authority.
ocds-5whusi-SNSC/370/2023/2024,Waterbuck World Radiators,80388.0,South Nyanza Sugar Company Limited,direct_procurement,High,Direct award method used — competitive bidding bypassed,Verify justification for direct award. Check approval authority.
ocds-5whusi-SNSC/377/2023/2024,UNKNOWN,395548.4,South Nyanza Sugar Company Limited,direct_procurement,High,Direct award method used — competitive bidding bypassed,Verify justification for direct award. Check approval authority.
ocds-5whusi-SNSC/384/2021/2023,Sigmund Peak International Limited,825600.0,South Nyanza Sugar Company Limited,normal,Low,ML model flagged as outlier — unusual pattern across multiple fields,Review contract file. Escalate if no clear explanation found.
ocds-5whusi-SNSC/388/2023/2024,Baypal Consultancy Firm Limited,336400.0,South Nyanza Sugar Company Limited,normal,Low,ML model flagged as outlier — unusual pattern across multiple fields,Review contract file. Escalate if no clear explanation found.
ocds-5whusi-SNSC/398/2023/2024,Thomas Broadbent & Sons Limited,3926078.65,South Nyanza Sugar Company Limited,direct_procurement,High,Direct award method used — competitive bidding bypassed,Verify justification for direct award. Check approval authority.
ocds-5whusi-SNSC/406/2023/2024,Indaff Engineering,5735458.75,South Nyanza Sugar Company Limited,normal,Low,ML model flagged as outlier — unusual pattern across multiple fields,Review contract file. Escalate if no clear explanation found.
ocds-5whusi-SNSC/449/2023/2024,Soni Technical Services Limited,506340.0,South Nyanza Sugar Company Limited,direct_procurement,High,Direct award method used — competitive bidding bypassed,Verify justification for direct award. Check approval authority.
ocds-5whusi-SNSC/AGRIC/293/2021/2022-FR,Total Energies & Marketing Kenya PLC,229734558.4,South Nyanza Sugar Company Limited,normal,Low,ML model flagged as outlier — unusual pattern across multiple fields,Review contract file. Escalate if no clear explanation found.
ocds-5whusi-SRC/RT/09/2024-2025,CIC General Insurance,531031.0,Salaries & Remuneration Commission,normal,Low,ML model flagged as outlier — unusual pattern across multiple fields,Review contract file. Escalate if no clear explanation found.
ocds-5whusi-SUPPLY AND DELIVERY OF COMMODITIES FUND DIRECTIONAL PLATE,DAWAMBU ENTERPRISES,7000.0,COMMODITIES FUND,normal,Low,ML model flagged as outlier — unusual pattern across multiple fields,Review contract file. Escalate if no clear explanation found.
ocds-5whusi-SUPPLYDELIVERYANDINSTALLATIONCOMMISIONINGOFINDUSTRIALLAUNDRYMACHINE,UNKNOWN,6600000.0,Bungoma County Government,missing_supplier,High,Contract awarded with no supplier recorded — bypasses vendor accountability,Obtain supplier details from procuring entity. Escalate if unresolved.
ocds-5whusi-TARDA/OT/067/2023-2024,UNKNOWN,294969688.2,Tana And Athi Rivers Development Authority,missing_supplier,High,Contract awarded with no supplier recorded — bypasses vendor accountability,Obtain supplier details from procuring entity. Escalate if unresolved.
ocds-5whusi-TARDA/RT/029/2023-2024,UNKNOWN,12500000.0,Tana And Athi Rivers Development Authority,missing_supplier,High,Contract awarded with no supplier recorded — bypasses vendor accountability,Obtain supplier details from procuring entity. Escalate if unresolved.
ocds-5whusi-TARDA/RT/098/2023-2024,TAZAB COMPANY LIMITED,9642281.25,Tana And Athi Rivers Development Authority,normal,Low,ML model flagged as outlier — unusual pattern across multiple fields,Review contract file. Escalate if no clear explanation found.
ocds-5whusi-TARDA/RT/102/2023-2024,FIRSTLINE VENTURES,10830000.3,Tana And Athi Rivers Development Authority,normal,Low,ML model flagged as outlier — unusual pattern across multiple fields,Review contract file. Escalate if no clear explanation found.
ocds-5whusi-TARDA/RT/128/2023-2024,TRIPPLEAGE INVESTMENT LIMITED,22779230.0,Tana And Athi Rivers Development Authority,normal,Low,ML model flagged as outlier — unusual pattern across multiple fields,Review contract file. Escalate if no clear explanation found.
ocds-5whusi-TARDA/RT/131/2023-2024,STELUNKA ENTERPRISES,11434311.0,Tana And Athi Rivers Development Authority,normal,Low,ML model flagged as outlier — unusual pattern across multiple fields,Review contract file. Escalate if no clear explanation found.
ocds-5whusi-TENDER NO. CBK/017/2024-2025,Contell Africa Ltd,24157750.0,Central Bank of Kenya,normal,Low,ML model flagged as outlier — unusual pattern across multiple fields,Review contract file. Escalate if no clear explanation found.
ocds-5whusi-TENDERNO.CBK/125/2023-2024,Gridgo Rigging and Construction Limited,55671760.0,Central Bank of Kenya,normal,Low,ML model flagged as outlier — unusual pattern across multiple fields,Review contract file. Escalate if no clear explanation found.
ocds-5whusi-TENDER NO. KRA/HQS/NCB-011/2024-2025,Zamara Risk & Insurance Brokers Ltd,369864684.0,Kenya Revenue Authority,normal,Low,ML model flagged as outlier — unusual pattern across multiple fields,Review contract file. Escalate if no clear explanation found.
ocds-5whusi-TENDER NO. YEDF/009/2024-2025,GA Insurance,23642212.0,Youth Enterprise Development Fund,normal,Low,ML model flagged as outlier — unusual pattern across multiple fields,Review contract file. Escalate if no clear explanation found.
ocds-5whusi-TENDER REF. NO. CBK/050/2024-2025,COMPUTECH LIMITED,311969115.62,Central Bank of Kenya,normal,Low,ML model flagged as outlier — unusual pattern across multiple fields,Review contract file. Escalate if no clear explanation found.
ocds-5whusi-TF/08/2023/2024,NEXUS BUSINESS ADVISORY LIMITED T/A ANDERSEN,26601410.0,Tourism Fund,normal,Low,ML model flagged as outlier — unusual pattern across multiple fields,Review contract file. Escalate if no clear explanation found.
ocds-5whusi-TMU/DP/05/2023/2024,UNKNOWN,360000.0,Tom Mboya University College (Maseno),direct_procurement,High,Direct award method used — competitive bidding bypassed,Verify justification for direct award. Check approval authority.
ocds-5whusi-TMU/DP/07/2023/2024,Lued (A) Chemicals Limited,586148.0,Tom Mboya University College (Maseno),direct_procurement,High,Direct award method used — competitive bidding bypassed,Verify justification for direct award. Check approval authority.
ocds-5whusi-TMU/DP/11/2023/2024,NATIONAL OIL CORPORATION (MAHAVIR TRANSPORTER & CONTRACTOR LIMITED),986900.0,Tom Mboya University College (Maseno),direct_procurement,High,Direct award method used — competitive bidding bypassed,Verify justification for direct award. Check approval authority.
ocds-5whusi-TNCA/OP/02/2024-2025.,Chuka General Construction Ltd,172137365.0,County Assembly Of Tharaka-Nithi,normal,Low,ML model flagged as outlier — unusual pattern across multiple fields,Review contract file. Escalate if no clear explanation found.
ocds-5whusi-TNT/035/2023-2024,Down to Earth Technologies Ltd,657357296.81,The National Treasury,normal,Low,ML model flagged as outlier — unusual pattern across multiple fields,Review contract file. Escalate if no clear explanation found.
ocds-5whusi-TNT/GDPU/RT/075/2023-2024,UNKNOWN,15540000.0,The National Treasury,missing_supplier,High,Contract awarded with no supplier recorded — bypasses vendor accountability,Obtain supplier details from procuring entity. Escalate if unresolved.
ocds-5whusi-TPR762,SAFARICOM PLC,3866637.0,The Kenyatta International Convention Centre,direct_procurement,High,Direct award method used — competitive bidding bypassed,Verify justification for direct award. Check approval authority.
ocds-5whusi-TPR762,Telkom Kenya Ltd,2956521.0,The Kenyatta International Convention Centre,direct_procurement,High,Direct award method used — competitive bidding bypassed,Verify justification for direct award. Check approval authority.
ocds-5whusi-TRCG/OT/EDU/16/2023-2024,MAYFORD INVESTMENTS LIMITED,14491207.2,Tana River County Government,after_hours_entry,Medium,Transaction posted outside business hours — unusual timing,Verify who posted and why. Check system access logs.
ocds-5whusi-TSC/SEQIP/NT/004/2023-2024,SAFARICOM KENYA,36339916.8,Teachers Service Commission,normal,Low,ML model flagged as outlier — unusual pattern across multiple fields,Review contract file. Escalate if no clear explanation found.
ocds-5whusi-TUM/T/20/2023/2024,Greatcom Construction Ltd,41567709.12,Technical University of Mombasa,normal,Low,ML model flagged as outlier — unusual pattern across multiple fields,Review contract file. Escalate if no clear explanation found.
ocds-5whusi-TUM/T/30/2023/2024,PAPATON SECURITY SERVICES,19607136.0,Technical University of Mombasa,after_hours_entry,Medium,Transaction posted outside business hours — unusual timing,Verify who posted and why. Check system access logs.
ocds-5whusi-WCG/OT/PSL/27/2023-2024,JUBILEE HEALTH INSURANCE,348125879.0,Wajir County Government,normal,Low,ML model flagged as outlier — unusual pattern across multiple fields,Review contract file. Escalate if no clear explanation found.
ocds-5whusi-WRA/HQ/GOK/DR/10/2024-2025,UNKNOWN,28600.0,Water Resources Authority,direct_procurement,High,Direct award method used — competitive bidding bypassed,Verify justification for direct award. Check approval authority.
ocds-5whusi-WRA/HQ/GOK/DR/10/2024-2025,ENTRADA TOURS AND TRAVEL,28600.0,Water Resources Authority,direct_procurement,High,Direct award method used — competitive bidding bypassed,Verify justification for direct award. Check approval authority.
ocds-5whusi-WRA/HQ/GOK/DR/37/23-24,UNKNOWN,28300.0,Water Resources Authority,direct_procurement,High,Direct award method used — competitive bidding bypassed,Verify justification for direct award. Check approval authority.
ocds-5whusi-WRA/HQ/GOK/DR/48/24-25,Entrada Tour and Travels,37450.0,Water Resources Authority,direct_procurement,High,Direct award method used — competitive bidding bypassed,Verify justification for direct award. Check approval authority.
ocds-5whusi-WR-SONDU-PROFORMAINVOICE-KCP653K-2024,CFAO Motors Kenya Ltd,277008.0,Kenya Electricity  Generating Company,direct_procurement,High,Direct award method used — competitive bidding bypassed,Verify justification for direct award. Check approval authority.
ocds-5whusi-WR-SONDU-PROFORMA INVOICE-PUMP-2024,DAVIS & SHIRTLIFT LIMITED,196429.0,Kenya Electricity  Generating Company,direct_procurement,High,Direct award method used — competitive bidding bypassed,Verify justification for direct award. Check approval authority.
"ocds-5whusi-047/ADM/2022-2023,",KENYA INSTITUTE FOR THE BLIND,82534251.84,Kenya Institute of Curriculum Development,direct_procurement,High,Direct award method used — competitive bidding bypassed,Verify justification for direct award. Check approval authority.
ocds-5whusi-1355475-2023/2024,M/S THE NATION MEDIA GROUP LIMITED,65772.0,Nyandarua County Government,direct_procurement,High,Direct award method used — competitive bidding bypassed,Verify justification for direct award. Check approval authority.
ocds-5whusi-1361760,ALPHA SYSTEMS LIMITED ,37750353.66,Kakamega County Government,duplicate_invoice,Medium,Amount and vendor match another contract — possible duplicate payment,Cross-check payment records. Flag for recovery if duplicate paid.
ocds-5whusi-1363126,FUJI KENYA LIMITED,49778000.0,Baringo County Government,normal,Low,ML model flagged as outlier — unusual pattern across multiple fields,Review contract file. Escalate if no clear explanation found.
ocds-5whusi-1370653,UNKNOWN,4996398.0,Kwale County Government,missing_supplier,High,Contract awarded with no supplier recorded — bypasses vendor accountability,Obtain supplier details from procuring entity. Escalate if unresolved.
ocds-5whusi-1371928,UNKNOWN,5978060.0,Kwale County Government,missing_supplier,High,Contract awarded with no supplier recorded — bypasses vendor accountability,Obtain supplier details from procuring entity. Escalate if unresolved.
ocds-5whusi-1371936,UNKNOWN,5996794.0,Kwale County Government,missing_supplier,High,Contract awarded with no supplier recorded — bypasses vendor accountability,Obtain supplier details from procuring entity. Escalate if unresolved.
ocds-5whusi-1390891,PRIKALAMA AGENCIES LIMITED,5595521.0,Bungoma County Government,normal,Low,ML model flagged as outlier — unusual pattern across multiple fields,Review contract file. Escalate if no clear explanation found.
ocds-5whusi-1398177-2023/2024,Adams and Sha Limited,7726143.0,Trans Nzoia County Government,normal,Low,ML model flagged as outlier — unusual pattern across multiple fields,Review contract file. Escalate if no clear explanation found.
ocds-5whusi-1412485-2023/2024,Answerport Investment,1999800.0,Trans Nzoia County Government,normal,Low,ML model flagged as outlier — unusual pattern across multiple fields,Review contract file. Escalate if no clear explanation found.
ocds-5whusi-1437096–2023/2024,AETHER GROUP LIMITED ,63875000.0,Trans Nzoia County Government,normal,Low,ML model flagged as outlier — unusual pattern across multiple fields,Review contract file. Escalate if no clear explanation found.
ocds-5whusi-1468725-2023/2024,BAYCOMS AFRICA LTD,498941.0,County Assembly Of Bungoma,direct_procurement,High,Direct award method used — competitive bidding bypassed,Verify justification for direct award. Check approval authority.
ocds-5whusi-1468876,CAFRABLE ENTERPRISES,31221600.0,Bungoma County Government,normal,Low,ML model flagged as outlier — unusual pattern across multiple fields,Review contract file. Escalate if no clear explanation found.
ocds-5whusi-1473124-2023/2024,DEPRINE HOLDINGS LTD,5669500.0,Bungoma County Government,normal,Low,ML model flagged as outlier — unusual pattern across multiple fields,Review contract file. Escalate if no clear explanation found.
ocds-5whusi-1480984,musani investment,700000.0,Nyandarua County Government,direct_procurement,High,Direct award method used — competitive bidding bypassed,Verify justification for direct award. Check approval authority.
ocds-5whusi-1656854-2024/2025,MADISON GENERAL INSURANCE,110694857.0,Nyandarua County Government,normal,Low,ML model flagged as outlier — unusual pattern across multiple fields,Review contract file. Escalate if no clear explanation found.
ocds-5whusi-1678926/2024/2025,MADISON GENERAL INSURANCE KENYA LIMITED,210000000.0,Makueni County Government,normal,Low,ML model flagged as outlier — unusual pattern across multiple fields,Review contract file. Escalate if no clear explanation found.
ocds-5whusi-213510-KeRRA/08/MDR/39/-24/25-45,Thoraya Agencies Limited.,6966817.58,Kenya Rural Roads Authority ,normal,Low,ML model flagged as outlier — unusual pattern across multiple fields,Review contract file. Escalate if no clear explanation found.
ocds-5whusi-218251-KAA/DP/MATULO/0056/2024-2025,CONTRALINKS SOLUTIONS AND SERVICES,36438007.31,Kenya Airport Authority,direct_procurement,High,Direct award method used — competitive bidding bypassed,Verify justification for direct award. Check approval authority.
ocds-5whusi-218741-KP8/9A/DT/029/24-25,RAM AUTO GARAGE LTD,39045.6,Kenya Power & Lighting Company,direct_procurement,High,Direct award method used — competitive bidding bypassed,Verify justification for direct award. Check approval authority.
ocds-5whusi-2359-2023-2024,Longrock Tours & Travel Limited,35050.0,State Department of Planning,direct_procurement,High,Direct award method used — competitive bidding bypassed,Verify justification for direct award. Check approval authority.
ocds-5whusi-2469-2023-2024,Longrock Tours & Travel Limited,171540.0,State Department of Planning,direct_procurement,High,Direct award method used — competitive bidding bypassed,Verify justification for direct award. Check approval authority.
ocds-5whusi-2504-2023-2024,Primate Tours Limited,32420.0,State Department of Planning,direct_procurement,High,Direct award method used — competitive bidding bypassed,Verify justification for direct award. Check approval authority.
ocds-5whusi-3453,UNITED PHARMA (K) LIMITED,106500682.0,The Meru National Polytechnic,normal,Low,ML model flagged as outlier — unusual pattern across multiple fields,Review contract file. Escalate if no clear explanation found.
ocds-5whusi-3585,NANCHANG FOREIGN ENGINEERING COMPANY (KENYA) LIMITED,1159894600.0,The Meru National Polytechnic,normal,Low,ML model flagged as outlier — unusual pattern across multiple fields,Review contract file. Escalate if no clear explanation found.
ocds-5whusi-3888,EBONY CONSOLIDATED LIMITED,92511732.0,The Meru National Polytechnic,normal,Low,ML model flagged as outlier — unusual pattern across multiple fields,Review contract file. Escalate if no clear explanation found.
ocds-5whusi-4204,SEMC LIMITED,4177160.0,The Meru National Polytechnic,direct_procurement,High,Direct award method used — competitive bidding bypassed,Verify justification for direct award. Check approval authority.
ocds-5whusi-4317,DANPHIS ENTERPRISES LIMITED,90013625.0,The Meru National Polytechnic,normal,Low,ML model flagged as outlier — unusual pattern across multiple fields,Review contract file. Escalate if no clear explanation found.
ocds-5whusi-4666,Brinet Ventures,106720.0,The Meru National Polytechnic,direct_procurement,High,Direct award method used — competitive bidding bypassed,Verify justification for direct award. Check approval authority.
ocds-5whusi-ACFC/INS/02/2024/5-6,Assured Insurance Brokers Limited,6598142.0,Agro-Chemical and Food Company Limited,normal,Low,ML model flagged as outlier — unusual pattern across multiple fields,Review contract file. Escalate if no clear explanation found.
ocds-5whusi-ACFC/INS/02/2024/5-6,Four M Insurance Brokers Limited,8579848.0,Agro-Chemical and Food Company Limited,after_hours_entry,Medium,Transaction posted outside business hours — unusual timing,Verify who posted and why. Check system access logs.
ocds-5whusi-ACFC/INS/02/2024/5-6,Acentria Insurance Brokers Limited,321500.0,Agro-Chemical and Food Company Limited,normal,Low,ML model flagged as outlier — unusual pattern across multiple fields,Review contract file. Escalate if no clear explanation found.
ocds-5whusi-ACFC/INS/02/2024/5-6,Kenbright Insurance Brokers Limited,9015974.0,Agro-Chemical and Food Company Limited,normal,Low,ML model flagged as outlier — unusual pattern across multiple fields,Review contract file. Escalate if no clear explanation found.
ocds-5whusi-ACFC/INS/02/2024/5-6,Miran Insurance Brokers Limited,13726464.0,Agro-Chemical and Food Company Limited,normal,Low,ML model flagged as outlier — unusual pattern across multiple fields,Review contract file. Escalate if no clear explanation found.
ocds-5whusi-AFC/DP01/9/2023-2024,Reeve Technologies limited,2401200.0,Agricultural Finance Corporation,direct_procurement,High,Direct award method used — competitive bidding bypassed,Verify justification for direct award. Check approval authority.
ocds-5whusi-AU/RFQ/ICT/22/08/12,Proxynet International ,1265000.0,Alupe University,after_hours_entry,Medium,Transaction posted outside business hours — unusual timing,Verify who posted and why. Check system access logs.
ocds-5whusi-AWWDA/GOK/B/TWS/W-12/2024,UNKNOWN,30571775.64,Athi Water Works Development Agency,missing_supplier,High,Contract awarded with no supplier recorded — bypasses vendor accountability,Obtain supplier details from procuring entity. Escalate if unresolved.
ocds-5whusi-AWWDA/GOK/P/MLM/W-10/2024,UNKNOWN,40313376.18,Athi Water Works Development Agency,missing_supplier,High,Contract awarded with no supplier recorded — bypasses vendor accountability,Obtain supplier details from procuring entity. Escalate if unresolved.
ocds-5whusi-BGM/CNTY/FIN/EF/RT/06/2023-2024,UNKNOWN,23334596.0,Bungoma County Government,missing_supplier,High,Contract awarded with no supplier recorded — bypasses vendor accountability,Obtain supplier details from procuring entity. Escalate if unresolved.
ocds-5whusi-BGM/CNTY/FIN/EF/RT/07-2023/2024,UNKNOWN,7789226.0,Bungoma County Government,missing_supplier,High,Contract awarded with no supplier recorded — bypasses vendor accountability,Obtain supplier details from procuring entity. Escalate if unresolved.
ocds-5whusi-BGM/CNTY/RT/FIN/02/2023-2024,Bim Fitcode Empire,3736000.0,Bungoma County Government,normal,Low,ML model flagged as outlier — unusual pattern across multiple fields,Review contract file. Escalate if no clear explanation found.
ocds-5whusi-BMA/QT/177/2023-2024,KILIFI CONVENTION CENTRE (MADA HOLDINGS),264000.0,BANDARI MARITIME ACADEMY,after_hours_entry,Medium,Transaction posted outside business hours — unusual timing,Verify who posted and why. Check system access logs.
ocds-5whusi-BSA/CG/LHUD/319/2023/2024,Madibat holding ltd,73875930.0,Busia County Government,normal,Low,ML model flagged as outlier — unusual pattern across multiple fields,Review contract file. Escalate if no clear explanation found.
ocds-5whusi-BSA/CG/PWRT/141/2024/2025,SHABSAL COMPANY  Limited,30859655.12,Busia County Government,after_hours_entry,Medium,Transaction posted outside business hours — unusual timing,Verify who posted and why. Check system access logs.
ocds-5whusi-BSA/CG/PWRT/139/2024/2025,Mega laser international,37397515.89,Busia County Government,normal,Low,ML model flagged as outlier — unusual pattern across multiple fields,Review contract file. Escalate if no clear explanation found.
ocds-5whusi-BSA/CG/WIENRCCE/67/2024/2025,KEEN DEVELOPERS KENYA LIMITED,149840885.75,Busia County Government,normal,Low,ML model flagged as outlier — unusual pattern across multiple fields,Review contract file. Escalate if no clear explanation found.
ocds-5whusi-CAK/1484336/2023-2024,UNKNOWN,35153757.0,County Assembly Of Kilifi,missing_supplier,High,Contract awarded with no supplier recorded — bypasses vendor accountability,Obtain supplier details from procuring entity. Escalate if unresolved.
ocds-5whusi-CAK/1660934/2024-2025,AAR Insurance Kenya Limited,25395038.0,County Assembly Of Kilifi,normal,Low,ML model flagged as outlier — unusual pattern across multiple fields,Review contract file. Escalate if no clear explanation found.
ocds-5whusi-CA/PROC/RT/04/2022-2023(B) LOT 2,FAST CHOICE LIMITED,643460.0,Communications Authority of Kenya ,normal,Low,ML model flagged as outlier — unusual pattern across multiple fields,Review contract file. Escalate if no clear explanation found.
ocds-5whusi-CA/SCM/OT/74/2023-2024,UNKNOWN,110593105.06,Communications Authority of Kenya ,missing_supplier,High,Contract awarded with no supplier recorded — bypasses vendor accountability,Obtain supplier details from procuring entity. Escalate if unresolved.
ocds-5whusi-CBK/007/2024-2025,AGILE BUSINESS SOLUTIONS LIMITED,191459455.2,Central Bank of Kenya,normal,Low,ML model flagged as outlier — unusual pattern across multiple fields,Review contract file. Escalate if no clear explanation found.
ocds-5whusi-CBK-025/2024-2025,B.S.I. Management Systems-Dubai Branch,9018515.13,Central Bank of Kenya,direct_procurement,High,Direct award method used — competitive bidding bypassed,Verify justification for direct award. Check approval authority.
ocds-5whusi-CBK/031/2024-2025,NEXT TECHNOLOGIES LIMITED,430292048.6,Central Bank of Kenya,normal,Low,ML model flagged as outlier — unusual pattern across multiple fields,Review contract file. Escalate if no clear explanation found.
ocds-5whusi-CBK/048/2024-2025,ISOLUTIONS ASSOCIATES LIMITED,570099521.81,Central Bank of Kenya,normal,Low,ML model flagged as outlier — unusual pattern across multiple fields,Review contract file. Escalate if no clear explanation found.
ocds-5whusi-CBK/090/2023-2024,Down to Earth Technologies Ltd,53886388.71,Central Bank of Kenya,normal,Low,ML model flagged as outlier — unusual pattern across multiple fields,Review contract file. Escalate if no clear explanation found.
ocds-5whusi-CGB/QTN/DRM/003/2023/2024,TISKOPAK  KENYA LIMITED,1552640.0,Baringo County Government,direct_procurement,High,Direct award method used — competitive bidding bypassed,Verify justification for direct award. Check approval authority.
ocds-5whusi-CGB/QTN/DRM/006/2023/2024,ALAMASPEC LIMITED,3737060.0,Baringo County Government,direct_procurement,High,Direct award method used — competitive bidding bypassed,Verify justification for direct award. Check approval authority.
ocds-5whusi-CGK/SCM/PW&H/004/DP/2022-2023,ILLUSTRATORS GENERAL SUPPLIES ENTERPRISES LIMITED,8944763.0,Kirinyaga County Government,direct_procurement,High,Direct award method used — competitive bidding bypassed,Verify justification for direct award. Check approval authority.
ocds-5whusi-CGN/FIN/ONT/008/2023-2024,UNKNOWN,47212928.0,Nakuru County Government,missing_supplier,High,Contract awarded with no supplier recorded — bypasses vendor accountability,Obtain supplier details from procuring entity. Escalate if unresolved.
ocds-5whusi-CGN/ONT/MOH/01/2023-2024,ELSMED HEALTHCARE SOLUTIONS,22122702.69,Nakuru County Government,direct_procurement,High,Direct award method used — competitive bidding bypassed,Verify justification for direct award. Check approval authority.
ocds-5whusi-CGS/PWRET/OT/2024-2025/023,ARIDOM ENTERPRISES LIMITED,5391892.87,Siaya County Government,normal,Low,ML model flagged as outlier — unusual pattern across multiple fields,Review contract file. Escalate if no clear explanation found.
ocds-5whusi-CGS/PWRET/OT/2024-2025/028,KAWAKA ELECTRICALS LIMITED,22011794.28,Siaya County Government,normal,Low,ML model flagged as outlier — unusual pattern across multiple fields,Review contract file. Escalate if no clear explanation found.
ocds-5whusi-CGS/PWRET/OT/2024-2025/036,RIKEN SUPPLIERS AND CONTRACTORS LIMITED,46896058.9,Siaya County Government,normal,Low,ML model flagged as outlier — unusual pattern across multiple fields,Review contract file. Escalate if no clear explanation found.
ocds-5whusi-CGS/SCM/HEALTH /OT/2024-2025/034,BEATKEN ENTERPRISES LIMITED,16999800.0,Siaya County Government,normal,Low,ML model flagged as outlier — unusual pattern across multiple fields,Review contract file. Escalate if no clear explanation found.
ocds-5whusi-CGS/SCM/TCSA/OT/2023-2024/022,COMNETE TECHNOLOGIES LIMITED,137350000.0,Siaya County Government,normal,Low,ML model flagged as outlier — unusual pattern across multiple fields,Review contract file. Escalate if no clear explanation found.
ocds-5whusi-CGWP/RFQ/1436294/2023-2024,SAFARICOM PLC,349998.0,West Pokot County Government,direct_procurement,High,Direct award method used — competitive bidding bypassed,Verify justification for direct award. Check approval authority.
ocds-5whusi-CMA/DP005/2023-2024,UNKNOWN,267253.56,Capital Markets Authority,direct_procurement,High,Direct award method used — competitive bidding bypassed,Verify justification for direct award. Check approval authority.
ocds-5whusi-CWWDA/RT/G/11/2023-2024,Fenke Agency Limited,29352791.65,Coast Water Services Board,normal,Low,ML model flagged as outlier — unusual pattern across multiple fields,Review contract file. Escalate if no clear explanation found.
ocds-5whusi-DELIVERY AND PRINTING OF BANANA ROLL UP BANNERS,DIGITECH SOLUTIONS LIMITED,38800.0,COMMODITIES FUND,normal,Low,ML model flagged as outlier — unusual pattern across multiple fields,Review contract file. Escalate if no clear explanation found.
ocds-5whusi-EACC/T/07/2024-2025,M/s The Standard Group Plc,567326.0,Ethics and Anti-Corruption Commission,direct_procurement,High,Direct award method used — competitive bidding bypassed,Verify justification for direct award. Check approval authority.
ocds-5whusi-EACC/T/08/2024-2025,M/s Nation Media Group Plc,916084.0,Ethics and Anti-Corruption Commission,direct_procurement,High,Direct award method used — competitive bidding bypassed,Verify justification for direct award. Check approval authority.
ocds-5whusi-EBK/RFQ/102/2023-2024,MFI DOCUMENT SOLUTION,1055943.94,Engineers Board of Kenya,direct_procurement,High,Direct award method used — competitive bidding bypassed,Verify justification for direct award. Check approval authority.
ocds-5whusi-EBK/RFQ/26/2024-2025,MFI Document Solutions Limited,151268.0,Engineers Board of Kenya,direct_procurement,High,Direct award method used — competitive bidding bypassed,Verify justification for direct award. Check approval authority.
ocds-5whusi-EMAIL-19.08.2024,MFI Document Solutions,262702.88,University of Nairobi Enterprises and Services,direct_procurement,High,Direct award method used — competitive bidding bypassed,Verify justification for direct award. Check approval authority.
ocds-5whusi-GF ATM HIV GC7/DP05/2024-2025,Premier Medical Corporation Private Limited,26520000.0,Kenya Medical Supplies Authority,direct_procurement,High,Direct award method used — competitive bidding bypassed,Verify justification for direct award. Check approval authority.
ocds-5whusi-GFATMHIVNFM-2023/2024-DP-012,Cepheid HBDC ,12540450.0,Kenya Medical Supplies Authority,direct_procurement,High,Direct award method used — competitive bidding bypassed,Verify justification for direct award. Check approval authority.
ocds-5whusi-GFATMHIVNFM2023/2024DP04,QUESTA CARE LIMITED,5439720.0,Kenya Medical Supplies Authority,direct_procurement,High,Direct award method used — competitive bidding bypassed,Verify justification for direct award. Check approval authority.
ocds-5whusi-GFATMHIVNFM-2023/2024-DP-09,SCIENCESCOPE LIMITED,6200480.0,Kenya Medical Supplies Authority,direct_procurement,High,Direct award method used — competitive bidding bypassed,Verify justification for direct award. Check approval authority.
ocds-5whusi-GFATMHIVNFM2023/2024OIT014,UNKNOWN,592045879.1,Kenya Medical Supplies Authority,missing_supplier,High,Contract awarded with no supplier recorded — bypasses vendor accountability,Obtain supplier details from procuring entity. Escalate if unresolved.
ocds-5whusi-GFATMHIVNFM-2023/2024-OIT-08,UNKNOWN,98650936.8,Kenya Medical Supplies Authority,missing_supplier,High,Contract awarded with no supplier recorded — bypasses vendor accountability,Obtain supplier details from procuring entity. Escalate if unresolved.
ocds-5whusi-GFATMTBNFM-2023/2024DP04,F & S SCIENTIFIC LTD,43448496.0,Kenya Medical Supplies Authority,direct_procurement,High,Direct award method used — competitive bidding bypassed,Verify justification for direct award. Check approval authority.
ocds-5whusi-HBCA/PROC/S5/1/2023-2024,Baycom Africa Limited,19984106.0,County Assembly Of Homa Bay,normal,Low,ML model flagged as outlier — unusual pattern across multiple fields,Review contract file. Escalate if no clear explanation found.
ocds-5whusi-IPC / ICB No: KAA/OT/MIA/0036/2024-2025,VANIAX DEVELOPERS LIMITED,1295265449.94,Kenya Airport Authority,normal,Low,ML model flagged as outlier — unusual pattern across multiple fields,Review contract file. Escalate if no clear explanation found.
ocds-5whusi-JKF/Q/028/2023-2024,Kenya Literature Bureau,7641200.82,The Jomo Kenyatta Foundation,direct_procurement,High,Direct award method used — competitive bidding bypassed,Verify justification for direct award. Check approval authority.
ocds-5whusi-JNTI/BUS/CABRO/021/001,UNKNOWN,6333180.0,JEREMIAH NYAGAH TECHNICAL INSTITUTE,missing_supplier,High,Contract awarded with no supplier recorded — bypasses vendor accountability,Obtain supplier details from procuring entity. Escalate if unresolved.
ocds-5whusi-JUD/DP/025/2023–2024,UNKNOWN,29044025.0,The Judiciary,direct_procurement,High,Direct award method used — competitive bidding bypassed,Verify justification for direct award. Check approval authority.
ocds-5whusi-JUD/OT/032/2023-2024,UNIVERSAL TRENDS LTD,163214414.0,The Judiciary,normal,Low,ML model flagged as outlier — unusual pattern across multiple fields,Review contract file. Escalate if no clear explanation found.
ocds-5whusi-JUD/OT/033/2023-2024,All weather investments company ,126178635.2,The Judiciary,normal,Low,ML model flagged as outlier — unusual pattern across multiple fields,Review contract file. Escalate if no clear explanation found.
ocds-5whusi-JUD/OT/037/2023-2024,UNKNOWN,44909330.0,The Judiciary,missing_supplier,High,Contract awarded with no supplier recorded — bypasses vendor accountability,Obtain supplier details from procuring entity. Escalate if unresolved.
ocds-5whusi-JUD/OT/039/2023-2024,sinoe construction ltd,28407730.0,The Judiciary,normal,Low,ML model flagged as outlier — unusual pattern across multiple fields,Review contract file. Escalate if no clear explanation found.
ocds-5whusi-KAA/DP/JKIA/0146/2023-2024,MAGENTA KENYA LTD,8466000.0,Kenya Airport Authority,direct_procurement,High,Direct award method used — competitive bidding bypassed,Verify justification for direct award. Check approval authority.
ocds-5whusi-KAA/DP/MIA/0096/2023-2024,JO-KIRK REAL ESTATE DEVELOPMENTS LTD,106665814.0,Kenya Airport Authority,direct_procurement,High,Direct award method used — competitive bidding bypassed,Verify justification for direct award. Check approval authority.
ocds-5whusi-KAA/DP/RFP/HQ/0008/2024-2025,ASHITIVA ADVOCATES LLP,126000000.0,Kenya Airport Authority,direct_procurement,High,Direct award method used — competitive bidding bypassed,Verify justification for direct award. Check approval authority.
ocds-5whusi-KALRO/KBS/03/23-24,BIOMAX AFRICA LIMITED,89012457.03,Kenya Agricultural & Livestock Research Organization,duplicate_invoice,Medium,Amount and vendor match another contract — possible duplicate payment,Cross-check payment records. Flag for recovery if duplicate paid.
ocds-5whusi-KALRO/NAVCDP/NCB/014/2023-2024,UNKNOWN,44550000.0,Kenya Agricultural & Livestock Research Organization,missing_supplier,High,Contract awarded with no supplier recorded — bypasses vendor accountability,Obtain supplier details from procuring entity. Escalate if unresolved.
ocds-5whusi-KarU/OT/006/2024-2025,Topchoice Surveillance,448660487.0,Karatina University,normal,Low,ML model flagged as outlier — unusual pattern across multiple fields,Review contract file. Escalate if no clear explanation found.
ocds-5whusi-KCAA/001/2024-2025,VICKERS SECURITY SERVICES LTD,131344800.0,Kenya Civil Aviation Authority,normal,Low,ML model flagged as outlier — unusual pattern across multiple fields,Review contract file. Escalate if no clear explanation found.
ocds-5whusi-KCAA/055/2023-2024,AAR INSURANCE,154054709.0,Kenya Civil Aviation Authority,normal,Low,ML model flagged as outlier — unusual pattern across multiple fields,Review contract file. Escalate if no clear explanation found.
ocds-5whusi-KCG/PSM/1491258/2023/2024,EPCO BUILDERS LIMITED,499995244.0,Kilifi County Government,normal,Low,ML model flagged as outlier — unusual pattern across multiple fields,Review contract file. Escalate if no clear explanation found.
ocds-5whusi-KEMI/RT/01/2023-2024A,UNKNOWN,10607930.0,KENYA EDUCATION MANAGEMENT INSTITUTE ,missing_supplier,High,Contract awarded with no supplier recorded — bypasses vendor accountability,Obtain supplier details from procuring entity. Escalate if unresolved.
ocds-5whusi-KE-MOMBE&MA-KLF-2024-014-CW/MMBE&MA/SDBE&F/24/2023-2024,BELION GENERAL AGENCY LTD,152357486.0,"State Department for Fisheries, Aquaculture and the Blue Economy",normal,Low,ML model flagged as outlier — unusual pattern across multiple fields,Review contract file. Escalate if no clear explanation found.
ocds-5whusi-KE-MOMBE&MA-LM-2024-010-CW/MMBE&MA/SDBE&F/20/2023-2024,JESKEN ENTERPRISES LTD,239337275.0,"State Department for Fisheries, Aquaculture and the Blue Economy",normal,Low,ML model flagged as outlier — unusual pattern across multiple fields,Review contract file. Escalate if no clear explanation found.
ocds-5whusi-KEMRI/HQ/001/2024-2025,GA Insurance,189888298.0,KENYA MEDICAL RESEARCH INSTITUTE,normal,Low,ML model flagged as outlier — unusual pattern across multiple fields,Review contract file. Escalate if no clear explanation found.
ocds-5whusi-KEMSA/OIT01/2024-2026,ABACUS PHARMA (AFRICA) LTD,125713248.0,Kenya Medical Supplies Authority,normal,Low,ML model flagged as outlier — unusual pattern across multiple fields,Review contract file. Escalate if no clear explanation found.
ocds-5whusi-KEMSA/ONT04/2024-2026,LABORATORY & ALLIED LTD,90036000.0,Kenya Medical Supplies Authority,normal,Low,ML model flagged as outlier — unusual pattern across multiple fields,Review contract file. Escalate if no clear explanation found.
ocds-5whusi-KEMSA/ONT04/2024-2026,ZAIN PHARMA,202455200.0,Kenya Medical Supplies Authority,normal,Low,ML model flagged as outlier — unusual pattern across multiple fields,Review contract file. Escalate if no clear explanation found.
ocds-5whusi-KEMSA/ONT08/2024-2026,FROTOM LOGISTICS LIMITED,194436000.0,Kenya Medical Supplies Authority,normal,Low,ML model flagged as outlier — unusual pattern across multiple fields,Review contract file. Escalate if no clear explanation found.
ocds-5whusi-KeNHA/2738/2024,Ebenezer Commercial Works Limited,865191639.55,Kenya National Highway Authority,normal,Low,ML model flagged as outlier — unusual pattern across multiple fields,Review contract file. Escalate if no clear explanation found.
ocds-5whusi-KeNHA/LV/321/2023-2024,premier,33495.0,Kenya National Highway Authority,normal,Low,ML model flagged as outlier — unusual pattern across multiple fields,Review contract file. Escalate if no clear explanation found.
ocds-5whusi-KeNHA/R1/286/2024,Suze Limited,117247393.0,Kenya National Highway Authority,normal,Low,ML model flagged as outlier — unusual pattern across multiple fields,Review contract file. Escalate if no clear explanation found.
ocds-5whusi-KeNHA/R1/296/2024,Vivid Mission Enterprises Limited,111497749.13,Kenya National Highway Authority,normal,Low,ML model flagged as outlier — unusual pattern across multiple fields,Review contract file. Escalate if no clear explanation found.
ocds-5whusi-KeNHA/R4/303/2024,M/s Tykon Holdings Limited.,142042909.15,Kenya National Highway Authority,normal,Low,ML model flagged as outlier — unusual pattern across multiple fields,Review contract file. Escalate if no clear explanation found.
ocds-5whusi-KeNHA/R4/307/2024,M/s. Calibeth Holdings Limited,75003877.4,Kenya National Highway Authority,normal,Low,ML model flagged as outlier — unusual pattern across multiple fields,Review contract file. Escalate if no clear explanation found.
ocds-5whusi-KeNHA/R4/309/2024,M/S Maimen Enterprise Ltd,109909678.32,Kenya National Highway Authority,normal,Low,ML model flagged as outlier — unusual pattern across multiple fields,Review contract file. Escalate if no clear explanation found.
ocds-5whusi-KeNHA/R4/312/2024,M/S Spenroh Investment Ltd	,79321884.02,Kenya National Highway Authority,normal,Low,ML model flagged as outlier — unusual pattern across multiple fields,Review contract file. Escalate if no clear explanation found.
ocds-5whusi-KeNHA/R4/315/2024,M/S Wang Ujenzi Company Ltd,80496940.82,Kenya National Highway Authority,normal,Low,ML model flagged as outlier — unusual pattern across multiple fields,Review contract file. Escalate if no clear explanation found.
ocds-5whusi-KeNHA/R9/147/2024,Southwark Connections Ltd	,166841838.56,Kenya National Highway Authority,normal,Low,ML model flagged as outlier — unusual pattern across multiple fields,Review contract file. Escalate if no clear explanation found.
ocds-5whusi-KeRRA/008/39/KAK/2-55-24/25-101,ARIZONA CIVIL WORKS LIMITED,3805277.0,Kenya Rural Roads Authority ,normal,Low,ML model flagged as outlier — unusual pattern across multiple fields,Review contract file. Escalate if no clear explanation found.
ocds-5whusi-KeRRA/008/39/KAK/2-55-24/25-12,TRANSZET VENTURES LIMITED,8313061.68,Kenya Rural Roads Authority ,normal,Low,ML model flagged as outlier — unusual pattern across multiple fields,Review contract file. Escalate if no clear explanation found.
ocds-5whusi-KeRRA/008/39/KAK/2-55-24/25 -125,ZAKI K LIMITED,4495504.12,Kenya Rural Roads Authority ,normal,Low,ML model flagged as outlier — unusual pattern across multiple fields,Review contract file. Escalate if no clear explanation found.
ocds-5whusi-KeRRA/008/39/KAK/2-55-24/25 -132,DIJAG COMPANY LIMITED,2431272.34,Kenya Rural Roads Authority ,normal,Low,ML model flagged as outlier — unusual pattern across multiple fields,Review contract file. Escalate if no clear explanation found.
ocds-5whusi-KeRRA/008/KAK/2-55-23|24-162,APEXSTRIDE INVESTMENTS LTD,6533446.54,Kenya Rural Roads Authority ,normal,Low,ML model flagged as outlier — unusual pattern across multiple fields,Review contract file. Escalate if no clear explanation found.
ocds-5whusi-KeRRA/008/KAK/2-55-23|24-188,ALLOYS INVESTMENT LIMITED,7201885.29,Kenya Rural Roads Authority ,normal,Low,ML model flagged as outlier — unusual pattern across multiple fields,Review contract file. Escalate if no clear explanation found.
ocds-5whusi-KeRRA/008/KAK/2-55-23|24-208,JACARANDA ENTERPRISES LIMITED,2385160.45,Kenya Rural Roads Authority ,normal,Low,ML model flagged as outlier — unusual pattern across multiple fields,Review contract file. Escalate if no clear explanation found.
ocds-5whusi-KeRRA/008/MBT/39/050/2023-2024,Famo Contractors Limited,4451500.0,Kenya Rural Roads Authority ,normal,Low,ML model flagged as outlier — unusual pattern across multiple fields,Review contract file. Escalate if no clear explanation found.
ocds-5whusi-KeRRA/008/MBT/39/052/2023-2024,Tarishnabe Company Limited,6898868.0,Kenya Rural Roads Authority ,normal,Low,ML model flagged as outlier — unusual pattern across multiple fields,Review contract file. Escalate if no clear explanation found.
ocds-5whusi-KeRRA/008/MBT/39/065/2023-2024,Ankey Ventures Limited,4500730.4,Kenya Rural Roads Authority ,normal,Low,ML model flagged as outlier — unusual pattern across multiple fields,Review contract file. Escalate if no clear explanation found.
ocds-5whusi-KeRRA/008/MBT/39/068/2023-2024,Falam Construction Company Limited,5621000.0,Kenya Rural Roads Authority ,normal,Low,ML model flagged as outlier — unusual pattern across multiple fields,Review contract file. Escalate if no clear explanation found.
ocds-5whusi-KeRRA/008/MBT/39/073/2023-2024,Gerdy Ventures  Limited,6636360.0,Kenya Rural Roads Authority ,normal,Low,ML model flagged as outlier — unusual pattern across multiple fields,Review contract file. Escalate if no clear explanation found.
ocds-5whusi-KeRRA/008/MBT/39/106/2022-2023,Ambitious Ventures Limited,7663586.4,Kenya Rural Roads Authority ,normal,Low,ML model flagged as outlier — unusual pattern across multiple fields,Review contract file. Escalate if no clear explanation found.
ocds-5whusi-KeRRA/008/MUR/39/098-23/24,M/s. Vee Vee Enterprises Limited,256000000.0,Kenya Rural Roads Authority ,duplicate_invoice,Medium,Amount and vendor match another contract — possible duplicate payment,Cross-check payment records. Flag for recovery if duplicate paid.
ocds-5whusi-KeRRA/08/39/1/2023-24,Henan Highway Engineering Group Co. Ltd,2033653691.88,Kenya Rural Roads Authority ,normal,Low,ML model flagged as outlier — unusual pattern across multiple fields,Review contract file. Escalate if no clear explanation found.
ocds-5whusi-KERRA/08/39/MDR/GOK/2023-2024-56,Afraa Investment Limited.,6951532.0,Kenya Rural Roads Authority ,normal,Low,ML model flagged as outlier — unusual pattern across multiple fields,Review contract file. Escalate if no clear explanation found.
ocds-5whusi-KeRRA/08/ GSA/39/0069/ 2023-24.,Bidii Plus Limited,7701356.0,Kenya Rural Roads Authority ,normal,Low,ML model flagged as outlier — unusual pattern across multiple fields,Review contract file. Escalate if no clear explanation found.
ocds-5whusi-KeRRA/08/GSA/39/055/2023-24,UNKNOWN,9152052.0,Kenya Rural Roads Authority ,missing_supplier,High,Contract awarded with no supplier recorded — bypasses vendor accountability,Obtain supplier details from procuring entity. Escalate if unresolved.
ocds-5whusi-KeRRA/08/ GSA/39/065/ 2023-24.,Two bee envoys limited,3648362.4,Kenya Rural Roads Authority ,normal,Low,ML model flagged as outlier — unusual pattern across multiple fields,Review contract file. Escalate if no clear explanation found.
ocds-5whusi-KeRRA/08/GSA/39/089/2022-23.,Babangida company ltd,4352668.0,Kenya Rural Roads Authority ,normal,Low,ML model flagged as outlier — unusual pattern across multiple fields,Review contract file. Escalate if no clear explanation found.
ocds-5whusi-KeRRA/08/KLF/39/026/2021-2022,Murat General Merchants,727500.0,Kenya Rural Roads Authority ,duplicate_invoice,Medium,Amount and vendor match another contract — possible duplicate payment,Cross-check payment records. Flag for recovery if duplicate paid.
ocds-5whusi-KeRRA/08/KLF/39/045/2021-2022,ALEGRIA ENTERPRISES LTD,3578385.4,Kenya Rural Roads Authority ,normal,Low,ML model flagged as outlier — unusual pattern across multiple fields,Review contract file. Escalate if no clear explanation found.
ocds-5whusi-KeRRA/08/KLF/39/10%SAV-22/23-155,Nelima Cons. Co. Ltd ,2594160.2,Kenya Rural Roads Authority ,normal,Low,ML model flagged as outlier — unusual pattern across multiple fields,Review contract file. Escalate if no clear explanation found.
ocds-5whusi-KeRRA/08/KLF/39/-24/25-005,Tonitoh Limited,2964671.74,Kenya Rural Roads Authority ,normal,Low,ML model flagged as outlier — unusual pattern across multiple fields,Review contract file. Escalate if no clear explanation found.
ocds-5whusi-KeRRA/08/MDR/39/-24/25-37,Goodways Engineering   Ltd.,5967855.42,Kenya Rural Roads Authority ,normal,Low,ML model flagged as outlier — unusual pattern across multiple fields,Review contract file. Escalate if no clear explanation found.
ocds-5whusi-KeRRA/08/NYA/39/111/2023-2024,Pamwagi Limited,4858694.8,Kenya Rural Roads Authority ,after_hours_entry,Medium,Transaction posted outside business hours — unusual timing,Verify who posted and why. Check system access logs.
ocds-5whusi-KeRRA-08-SYA-39-2-49-2636-23|24,Wasafi Developers Limited,6790085.52,Kenya Rural Roads Authority ,normal,Low,ML model flagged as outlier — unusual pattern across multiple fields,Review contract file. Escalate if no clear explanation found.
ocds-5whusi-KeRRA/KLF/08/39/110/2023-2024,Kevannah Limited,1420990.5,Kenya Rural Roads Authority ,normal,Low,ML model flagged as outlier — unusual pattern across multiple fields,Review contract file. Escalate if no clear explanation found.
ocds-5whusi-KeRRA/KTI/008/039/137/Aid/MW/2023-2024,UNKNOWN,4987266.88,Kenya Rural Roads Authority ,missing_supplier,High,Contract awarded with no supplier recorded — bypasses vendor accountability,Obtain supplier details from procuring entity. Escalate if unresolved.
ocds-5whusi-KeRRA/KTI/008/039/201/22%/S/2022-2023,FESMA LIMITED,5141758.0,Kenya Rural Roads Authority ,normal,Low,ML model flagged as outlier — unusual pattern across multiple fields,Review contract file. Escalate if no clear explanation found.
ocds-5whusi-KeRRA/MDR/08/39/72/23-24,Brbaares Const And Supplies Limited.,8567180.0,Kenya Rural Roads Authority ,normal,Low,ML model flagged as outlier — unusual pattern across multiple fields,Review contract file. Escalate if no clear explanation found.
ocds-5whusi-KeRRA/MDR/08/39/77/23-24,Adnow Construction Company Limited.,7536984.0,Kenya Rural Roads Authority ,normal,Low,ML model flagged as outlier — unusual pattern across multiple fields,Review contract file. Escalate if no clear explanation found.
ocds-5whusi-KeRRA/MRU/08/39/149/2-24-23|24-149,KAILONGERI LIMITED,6498459.2,Kenya Rural Roads Authority ,normal,Low,ML model flagged as outlier — unusual pattern across multiple fields,Review contract file. Escalate if no clear explanation found.
ocds-5whusi-KeRRA/MRU/08/39/152/2-24-23|24-152,QUALIT PALACE & SUITS HOTEL LIMITED,6327568.0,Kenya Rural Roads Authority ,normal,Low,ML model flagged as outlier — unusual pattern across multiple fields,Review contract file. Escalate if no clear explanation found.
ocds-5whusi-KeRRA/MRU/08/39/168/2-24-23|24-168,CLASSY TILE DESIGNS LIMITED,6337673.92,Kenya Rural Roads Authority ,normal,Low,ML model flagged as outlier — unusual pattern across multiple fields,Review contract file. Escalate if no clear explanation found.
ocds-5whusi-KeRRA/TNZ/008/39/080/2023/2024,Swatch Enterprises Ltd,8231105.0,Kenya Rural Roads Authority ,normal,Low,ML model flagged as outlier — unusual pattern across multiple fields,Review contract file. Escalate if no clear explanation found.
ocds-5whusi-KeRRA/TNZ/008/39/083/2023/2024,Quinsbrooke limited,6350032.56,Kenya Rural Roads Authority ,normal,Low,ML model flagged as outlier — unusual pattern across multiple fields,Review contract file. Escalate if no clear explanation found.
ocds-5whusi-KeRRA/TNZ/008/39/084/2023/2024,Kolani Holdings Ltd,8288896.0,Kenya Rural Roads Authority ,normal,Low,ML model flagged as outlier — unusual pattern across multiple fields,Review contract file. Escalate if no clear explanation found.
ocds-5whusi-KeRRA/TNZ/008/39/093/2023-2024,PRIME SCOPE LOGISTICS LTD,8168968.48,Kenya Rural Roads Authority ,normal,Low,ML model flagged as outlier — unusual pattern across multiple fields,Review contract file. Escalate if no clear explanation found.
ocds-5whusi-KGN-LEG-023-2023,UNKNOWN,49928254.0,Kenya Electricity  Generating Company,direct_procurement,High,Direct award method used — competitive bidding bypassed,Verify justification for direct award. Check approval authority.
ocds-5whusi-KMF/HQS/01/2024-2025,MUTHU NYALI MANAGEMENT LTD. T/A MUTHU NYALI BEACH  HOTEL &SPA,1398000.0,Kenya Marine and fisheries Research Institute,direct_procurement,High,Direct award method used — competitive bidding bypassed,Verify justification for direct award. Check approval authority.
ocds-5whusi-KP11/9A/2/3A/DT/TPT/03/23-24,Rangi mbili autospares,212048.0,Kenya Power & Lighting Company,direct_procurement,High,Direct award method used — competitive bidding bypassed,Verify justification for direct award. Check approval authority.
ocds-5whusi-KP1/9A.2/DT/005/ICT/23-24,UNKNOWN,281875867.5,Kenya Power & Lighting Company,direct_procurement,High,Direct award method used — competitive bidding bypassed,Verify justification for direct award. Check approval authority.
ocds-5whusi-KP1/9A.2/DT/015/ADM/23-24,Airtel Networks Kenya Ltd,5977200.0,Kenya Power & Lighting Company,direct_procurement,High,Direct award method used — competitive bidding bypassed,Verify justification for direct award. Check approval authority.
ocds-5whusi-KP1/9A.2/DT/029/ICT/21-22,SENSEI SYSTEMS LIMITED,10575000.0,Kenya Power & Lighting Company,direct_procurement,High,Direct award method used — competitive bidding bypassed,Verify justification for direct award. Check approval authority.
ocds-5whusi-KP1/9A.2/DT/051/CC/23-24,Royal Media Services Limited,17980000.0,Kenya Power & Lighting Company,direct_procurement,High,Direct award method used — competitive bidding bypassed,Verify justification for direct award. Check approval authority.
ocds-5whusi-KP1/9A.2/RT/009/FIN/23-24,Deloitte and Touche LLP,28931467.2,Kenya Power & Lighting Company,normal,Low,ML model flagged as outlier — unusual pattern across multiple fields,Review contract file. Escalate if no clear explanation found.
ocds-5whusi-KP1/9A.2/RT/017/ICT/23-24,VILCOM NETWORKS LIMITED,336854046.59,Kenya Power & Lighting Company,normal,Low,ML model flagged as outlier — unusual pattern across multiple fields,Review contract file. Escalate if no clear explanation found.
ocds-5whusi-KP1/9A.3/OT/30/23-24,AMOTECH AFRICA LIMITED,110362400.07,Kenya Power & Lighting Company,after_hours_entry,Medium,Transaction posted outside business hours — unusual timing,Verify who posted and why. Check system access logs.
ocds-5whusi-KP1/9A.3/OT/44/23-24,Hardexo Company Limited,79607089.39,Kenya Power & Lighting Company,normal,Low,ML model flagged as outlier — unusual pattern across multiple fields,Review contract file. Escalate if no clear explanation found.
ocds-5whusi-KP1/9A.3/OT/51/23-24,M/s Yocean Group Ltd,92684000.0,Kenya Power & Lighting Company,normal,Low,ML model flagged as outlier — unusual pattern across multiple fields,Review contract file. Escalate if no clear explanation found.
ocds-5whusi-KP1/9A.3/RT/04/24-25,PAN AFRICA TRANSFORMERS & SWITCH GEAR LTD,1146328033.52,Kenya Power & Lighting Company,normal,Low,ML model flagged as outlier — unusual pattern across multiple fields,Review contract file. Escalate if no clear explanation found.
ocds-5whusi-KP1/9A.3/RT/04/24-25,MAHASHAKTI KENYA LTD,418166823.56,Kenya Power & Lighting Company,normal,Low,ML model flagged as outlier — unusual pattern across multiple fields,Review contract file. Escalate if no clear explanation found.
ocds-5whusi-KP1/9A.3/RT/O7/23-24,DIRECT FLINT KE LIMITED,21854980.0,Kenya Power & Lighting Company,normal,Low,ML model flagged as outlier — unusual pattern across multiple fields,Review contract file. Escalate if no clear explanation found.
ocds-5whusi-KP1/9A.3/RT/O7/23-24,MARA MOJA COMMERCIAL AGENCIES LTD,88578180.0,Kenya Power & Lighting Company,normal,Low,ML model flagged as outlier — unusual pattern across multiple fields,Review contract file. Escalate if no clear explanation found.
ocds-5whusi-KP1/9A.3/RT/O7/23-24,NIGHTIGALE (E.A) LTD,47148200.0,Kenya Power & Lighting Company,normal,Low,ML model flagged as outlier — unusual pattern across multiple fields,Review contract file. Escalate if no clear explanation found.
ocds-5whusi-KP7/9A/DT/TPT/20/24-25,SAFARI MOTOR SERVICE,361572.0,Kenya Power & Lighting Company,direct_procurement,High,Direct award method used — competitive bidding bypassed,Verify justification for direct award. Check approval authority.
ocds-5whusi-KP8/9A/DT/026/24-25,RAM AUTO GARAGE,97637.2,Kenya Power & Lighting Company,direct_procurement,High,Direct award method used — competitive bidding bypassed,Verify justification for direct award. Check approval authority.
ocds-5whusi-KPA/006/2024-25/ICT,MILLENIUN SOLUTIONS E.A LIMITED,249025735.0,Kenya Ports Authority,normal,Low,ML model flagged as outlier — unusual pattern across multiple fields,Review contract file. Escalate if no clear explanation found.
ocds-5whusi-KPA/011/2024-25/SS,RADIANT SYSTEMS LTD,129635994.37,Kenya Ports Authority,normal,Low,ML model flagged as outlier — unusual pattern across multiple fields,Review contract file. Escalate if no clear explanation found.
ocds-5whusi-KPA/014/2023-24/CCE,ALCATEL SOLUTION INVESTMENTS LIMITED,12000000.0,Kenya Ports Authority,normal,Low,ML model flagged as outlier — unusual pattern across multiple fields,Review contract file. Escalate if no clear explanation found.
ocds-5whusi-KPA/018/2024-25/TE,M/S BEK SUPPLIERS LTD,173348700.0,Kenya Ports Authority,direct_procurement,High,Direct award method used — competitive bidding bypassed,Verify justification for direct award. Check approval authority.
ocds-5whusi-KPA/022/2023-24/TE,UNKNOWN,28101000.0,Kenya Ports Authority,direct_procurement,High,Direct award method used — competitive bidding bypassed,Verify justification for direct award. Check approval authority.
ocds-5whusi-KPA/024/2023-24/ICDN,UNKNOWN,14400000.0,Kenya Ports Authority,missing_supplier,High,Contract awarded with no supplier recorded — bypasses vendor accountability,Obtain supplier details from procuring entity. Escalate if unresolved.
ocds-5whusi-KPA/033/2023-24/TE,POWER PARTS KENYA,199383304.46,Kenya Ports Authority,direct_procurement,High,Direct award method used — competitive bidding bypassed,Verify justification for direct award. Check approval authority.
ocds-5whusi-KPA/035/2023-24/TE,M/S SOHAN SINGH JOSH & SONS LTD,111082576.75,Kenya Ports Authority,normal,Low,ML model flagged as outlier — unusual pattern across multiple fields,Review contract file. Escalate if no clear explanation found.
ocds-5whusi-KPA/036/2023-24/CE,KENYA SHIPYARDS LIMITED,495490430.0,Kenya Ports Authority,direct_procurement,High,Direct award method used — competitive bidding bypassed,Verify justification for direct award. Check approval authority.
ocds-5whusi-KPA/038/2024-25/CCE,SEJOTECH VENTURES,18096928.0,Kenya Ports Authority,normal,Low,ML model flagged as outlier — unusual pattern across multiple fields,Review contract file. Escalate if no clear explanation found.
ocds-5whusi-KPA/037/2023-24/ME,M/s Perfcon Ltd,26454000.0,Kenya Ports Authority,normal,Low,ML model flagged as outlier — unusual pattern across multiple fields,Review contract file. Escalate if no clear explanation found.
ocds-5whusi-KPA/041/2024-25/TE,HEADY BERGE LIMITED,299790729.65,Kenya Ports Authority,direct_procurement,High,Direct award method used — competitive bidding bypassed,Verify justification for direct award. Check approval authority.
ocds-5whusi-KPA/042/2024-25/ICDN,SILICON HUB LIMITED,6894718.0,Kenya Ports Authority,normal,Low,ML model flagged as outlier — unusual pattern across multiple fields,Review contract file. Escalate if no clear explanation found.
ocds-5whusi-KPA/046/2023-24/MKTG,UNKNOWN,111832789.0,Kenya Ports Authority,missing_supplier,High,Contract awarded with no supplier recorded — bypasses vendor accountability,Obtain supplier details from procuring entity. Escalate if unresolved.
ocds-5whusi-KPA/049/2023-24/ME,M/s Loween Investments,9537924.58,Kenya Ports Authority,normal,Low,ML model flagged as outlier — unusual pattern across multiple fields,Review contract file. Escalate if no clear explanation found.
ocds-5whusi-KPA/057/2023-24/ME,UNKNOWN,36381312.36,Kenya Ports Authority,direct_procurement,High,Direct award method used — competitive bidding bypassed,Verify justification for direct award. Check approval authority.
ocds-5whusi-KPA/059/2023-24/ME,UNKNOWN,0.0,Kenya Ports Authority,direct_procurement,High,Direct award method used — competitive bidding bypassed,Verify justification for direct award. Check approval authority.
ocds-5whusi-KPA/067/2023-24/IA,AZMASOFT CONSULTING LTD COMPANY,37234958.77,Kenya Ports Authority,direct_procurement,High,Direct award method used — competitive bidding bypassed,Verify justification for direct award. Check approval authority.
ocds-5whusi-KPA/070/2023-24/PDM,YOOSHIN ENGINEERING CORPORATION,1556920120.0,Kenya Ports Authority,normal,Low,ML model flagged as outlier — unusual pattern across multiple fields,Review contract file. Escalate if no clear explanation found.
ocds-5whusi-KPA/073/2024-25/TE,M/s Tiloa Ltd,38396000.0,Kenya Ports Authority,normal,Low,ML model flagged as outlier — unusual pattern across multiple fields,Review contract file. Escalate if no clear explanation found.
ocds-5whusi-KPA/075/2023-24/PDM,RESCONSULT LIMITED,221563188.0,Kenya Ports Authority,normal,Low,ML model flagged as outlier — unusual pattern across multiple fields,Review contract file. Escalate if no clear explanation found.
ocds-5whusi-KPA/084/2023-24/CCE,UNKNOWN,7232041.15,Kenya Ports Authority,direct_procurement,High,Direct award method used — competitive bidding bypassed,Verify justification for direct award. Check approval authority.
ocds-5whusi-KPA/092/2023-24/PDM,DISENEY SOLUTIONS LTD,120023316.16,Kenya Ports Authority,after_hours_entry,Medium,Transaction posted outside business hours — unusual timing,Verify who posted and why. Check system access logs.
ocds-5whusi-KPA/102/2023-24/EE,M/s Firefox (k) Ltd,28919645.0,Kenya Ports Authority,direct_procurement,High,Direct award method used — competitive bidding bypassed,Verify justification for direct award. Check approval authority.
ocds-5whusi-KPA/110/2023-24/CCE,PORT MARINE (E.A) LIMITED,0.0,Kenya Ports Authority,direct_procurement,High,Direct award method used — competitive bidding bypassed,Verify justification for direct award. Check approval authority.
ocds-5whusi-KPA/116/2023-24/EE,UNKNOWN,29838564.0,Kenya Ports Authority,missing_supplier,High,Contract awarded with no supplier recorded — bypasses vendor accountability,Obtain supplier details from procuring entity. Escalate if unresolved.
ocds-5whusi-KPA/117/2023-24/ME,UNKNOWN,11258823.84,Kenya Ports Authority,direct_procurement,High,Direct award method used — competitive bidding bypassed,Verify justification for direct award. Check approval authority.
ocds-5whusi-KPA/118/2023-24/EE,M/s Castan Holdings,9564780.0,Kenya Ports Authority,normal,Low,ML model flagged as outlier — unusual pattern across multiple fields,Review contract file. Escalate if no clear explanation found.
ocds-5whusi-KPA/120/2023-24/EE,UNKNOWN,13080155.0,Kenya Ports Authority,missing_supplier,High,Contract awarded with no supplier recorded — bypasses vendor accountability,Obtain supplier details from procuring entity. Escalate if unresolved.
ocds-5whusi-KPA/125/2023-24/PDM,JUMBO INTERLINKS LTD,9833057.65,Kenya Ports Authority,direct_procurement,High,Direct award method used — competitive bidding bypassed,Verify justification for direct award. Check approval authority.
ocds-5whusi-KPA/129/2023-24/CE,OUTBACK INVESTMENTS LIMITED,28573085.2,Kenya Ports Authority,normal,Low,ML model flagged as outlier — unusual pattern across multiple fields,Review contract file. Escalate if no clear explanation found.
ocds-5whusi-KPA/131/2023-24/ME,KENYA SHIPYARDS LTD,259665438.54,Kenya Ports Authority,direct_procurement,High,Direct award method used — competitive bidding bypassed,Verify justification for direct award. Check approval authority.
ocds-5whusi-KPA/133/2023-24/ME,PARIBAS INTERNATIONAL (K) LTD,0.0,Kenya Ports Authority,direct_procurement,High,Direct award method used — competitive bidding bypassed,Verify justification for direct award. Check approval authority.
ocds-5whusi-KPA/142/2023-25/CCE,ALDAKI ENTERPRISES,24630810.4,Kenya Ports Authority,normal,Low,ML model flagged as outlier — unusual pattern across multiple fields,Review contract file. Escalate if no clear explanation found.
ocds-5whusi-KPA/143/2023-24/CE,ALTAIR COMPANY LIMITED,91913486.17,Kenya Ports Authority,normal,Low,ML model flagged as outlier — unusual pattern across multiple fields,Review contract file. Escalate if no clear explanation found.
ocds-5whusi-KPA/147/2023-24/EE,BEK SUPPLIERS LTD,40248758.43,Kenya Ports Authority,normal,Low,ML model flagged as outlier — unusual pattern across multiple fields,Review contract file. Escalate if no clear explanation found.
ocds-5whusi-KPA/155/2023-24/PDM,PASACON GENERAL  CONSTRUCTION LTD,65429854.0,Kenya Ports Authority,normal,Low,ML model flagged as outlier — unusual pattern across multiple fields,Review contract file. Escalate if no clear explanation found.
ocds-5whusi-KPA/159/2023-24/FA,ONE SOURCE SOLUTIONS LIMITED,7065730.0,Kenya Ports Authority,direct_procurement,High,Direct award method used — competitive bidding bypassed,Verify justification for direct award. Check approval authority.
ocds-5whusi-KPA/164/2023-24/EE,CHECHE SUPPLIES LTD,124454261.4,Kenya Ports Authority,normal,Low,ML model flagged as outlier — unusual pattern across multiple fields,Review contract file. Escalate if no clear explanation found.
ocds-5whusi-KPA/168/2023-24/CCE,CFAO MOTORS KENYA LTD,16800828.0,Kenya Ports Authority,direct_procurement,High,Direct award method used — competitive bidding bypassed,Verify justification for direct award. Check approval authority.
ocds-5whusi-KPA/169/2023-24/CCE,ASSOCIATED MOTORS LTD,41286000.0,Kenya Ports Authority,direct_procurement,High,Direct award method used — competitive bidding bypassed,Verify justification for direct award. Check approval authority.
ocds-5whusi-KPA/172/2023-24/MO,MAAST MARITIME TERMINALS LTD,77033774.16,Kenya Ports Authority,direct_procurement,High,Direct award method used — competitive bidding bypassed,Verify justification for direct award. Check approval authority.
ocds-5whusi-KPA/182/2023-24/EE,M/S SAJUCY COMPANY LTD,34799744.1,Kenya Ports Authority,normal,Low,ML model flagged as outlier — unusual pattern across multiple fields,Review contract file. Escalate if no clear explanation found.
ocds-5whusi-KPA/186/2023-24/ME,LOWEEN INVESTMENTS,12022925.0,Kenya Ports Authority,direct_procurement,High,Direct award method used — competitive bidding bypassed,Verify justification for direct award. Check approval authority.
ocds-5whusi-KPA/190/2023-24/TE,CANTAM INVESTMENTS LTD,0.0,Kenya Ports Authority,direct_procurement,High,Direct award method used — competitive bidding bypassed,Verify justification for direct award. Check approval authority.
ocds-5whusi-KPA/195/2023-24/ME,KENYA SHIPYARDS LIMITED,64116874.44,Kenya Ports Authority,direct_procurement,High,Direct award method used — competitive bidding bypassed,Verify justification for direct award. Check approval authority.
ocds-5whusi-KPA/202/2023-24/EE,ALFA SOLUTIONS LTD,14774531.79,Kenya Ports Authority,direct_procurement,High,Direct award method used — competitive bidding bypassed,Verify justification for direct award. Check approval authority.
ocds-5whusi-KPA/205/2023-24/TE,POWER PARTS (K) LIMITED,0.0,Kenya Ports Authority,direct_procurement,High,Direct award method used — competitive bidding bypassed,Verify justification for direct award. Check approval authority.
ocds-5whusi-KPA/304/2023-24/PDM,ABSAL AND SONS ENTERPRISES LTD,101725795.16,Kenya Ports Authority,normal,Low,ML model flagged as outlier — unusual pattern across multiple fields,Review contract file. Escalate if no clear explanation found.
ocds-5whusi-KPA/345/2023-24/EE,MICROTWIN ELECTICAL,47980000.0,Kenya Ports Authority,normal,Low,ML model flagged as outlier — unusual pattern across multiple fields,Review contract file. Escalate if no clear explanation found.
ocds-5whusi-KPC/PU/OT - 055/ICT/NBI/24 - 25,BARAN TELECOM NETWORK LIMITED,94890503.0,Kenya Pipeline Company,normal,Low,ML model flagged as outlier — unusual pattern across multiple fields,Review contract file. Escalate if no clear explanation found.
ocds-5whusi-KPC-PU-OT-069-I&C-NBI-23-24-NEWDOCUMENT,UNKNOWN,345126738.0,Kenya Pipeline Company,missing_supplier,High,Contract awarded with no supplier recorded — bypasses vendor accountability,Obtain supplier details from procuring entity. Escalate if unresolved.
ocds-5whusi-KPC/PU/RT-245(ADM)NBI/23-24,Tamaam Tech Enterprises,4997280.0,Kenya Pipeline Company,normal,Low,ML model flagged as outlier — unusual pattern across multiple fields,Review contract file. Escalate if no clear explanation found.
ocds-5whusi-KPI/9A.2/DT/015/ADM/21-22,AIRTEL NETWORKS KENYA LIMITED,4798800.0,Kenya Power & Lighting Company,direct_procurement,High,Direct award method used — competitive bidding bypassed,Verify justification for direct award. Check approval authority.
ocds-5whusi-KPRL/RT/024.005/2024-2025,ILANGA SYSTEMS (K) LTD,31450888.0,Kenya Petroleum Refineries Limited,normal,Low,ML model flagged as outlier — unusual pattern across multiple fields,Review contract file. Escalate if no clear explanation found.
ocds-5whusi-KRA/HQS/DP-012/2024-2025,ICE CLEAN CARE GROUP COMPANY LIMITED,39125255.05,Kenya Revenue Authority,direct_procurement,High,Direct award method used — competitive bidding bypassed,Verify justification for direct award. Check approval authority.
ocds-5whusi-KRA/HQS/DP-017/2024-2025,Liga Holdings Limited,22093413.6,Kenya Revenue Authority,direct_procurement,High,Direct award method used — competitive bidding bypassed,Verify justification for direct award. Check approval authority.
ocds-5whusi-KRA/HQS/DP-049/2023-2024,Mentor Savings and Credit Co,32946000.0,Kenya Revenue Authority,direct_procurement,High,Direct award method used — competitive bidding bypassed,Verify justification for direct award. Check approval authority.
ocds-5whusi-KRA/HQS/DP-058/2023-2024,Ruth Nyanke Nyabasi,157054.4,Kenya Revenue Authority,direct_procurement,High,Direct award method used — competitive bidding bypassed,Verify justification for direct award. Check approval authority.
ocds-5whusi-KRA/HQS/GP-091/2023-2024,JKUAT ENTERPRISES LIMITED,7064400.0,Kenya Revenue Authority,normal,Low,ML model flagged as outlier — unusual pattern across multiple fields,Review contract file. Escalate if no clear explanation found.
ocds-5whusi-KRA/HQS/NCB-052/2023-2024,Dimension Data Solutions Ltd,121984357.76,Kenya Revenue Authority,normal,Low,ML model flagged as outlier — unusual pattern across multiple fields,Review contract file. Escalate if no clear explanation found.
ocds-5whusi-KRA/HQS/NCB-062/2023-2024,Symphony Technologies Limited,369509995.68,Kenya Revenue Authority,normal,Low,ML model flagged as outlier — unusual pattern across multiple fields,Review contract file. Escalate if no clear explanation found.
ocds-5whusi-KRC/2024/137,LUX ACTUARIES & CONSULTANTS KENYA LTD,8970000.0,Kenya Reinsurance Corporation Ltd,direct_procurement,High,Direct award method used — competitive bidding bypassed,Verify justification for direct award. Check approval authority.
ocds-5whusi-KR/QTN/DPR/025/2023-2024,SHAMMY HOMES LTD,250000.0,Kenya Railways ,direct_procurement,High,Direct award method used — competitive bidding bypassed,Verify justification for direct award. Check approval authority.
ocds-5whusi-KR/QTN/DPR/063/2023-2024,EMBARQ LIMITED,1598480.0,Kenya Railways ,direct_procurement,High,Direct award method used — competitive bidding bypassed,Verify justification for direct award. Check approval authority.
ocds-5whusi-KR/SCM/003/2023-2024,UNKNOWN,6303115.2,Kenya Railways ,missing_supplier,High,Contract awarded with no supplier recorded — bypasses vendor accountability,Obtain supplier details from procuring entity. Escalate if unresolved.
ocds-5whusi-KR/SCM/081/2022-2023,AUJAN  INDUSTRIES LIMITED,19700000.0,Kenya Railways ,normal,Low,ML model flagged as outlier — unusual pattern across multiple fields,Review contract file. Escalate if no clear explanation found.
ocds-5whusi-KR/SCM/088/2022-2023,UNKNOWN,25589024.0,Kenya Railways ,missing_supplier,High,Contract awarded with no supplier recorded — bypasses vendor accountability,Obtain supplier details from procuring entity. Escalate if unresolved.
ocds-5whusi-KR/SCM/149/2023-2024,BLACK CONSTRUCTION COMPANY LIMITED,14900000.0,Kenya Railways ,normal,Low,ML model flagged as outlier — unusual pattern across multiple fields,Review contract file. Escalate if no clear explanation found.
ocds-5whusi-KR/SCM/DPR/071/2023-2024,TRANSBUILD AFRICA LTD,5218400.0,Kenya Railways ,direct_procurement,High,Direct award method used — competitive bidding bypassed,Verify justification for direct award. Check approval authority.
ocds-5whusi-KTB/DP/0007/2024-2025,PARADISE SAFARI PARK HOTEL,2250000.0,Kenya Tourism Board,direct_procurement,High,Direct award method used — competitive bidding bypassed,Verify justification for direct award. Check approval authority.
ocds-5whusi-KTB/DP/0068/2023-2024,TAMARIND MANAGEMENT LIMITED,325000.0,Kenya Tourism Board,direct_procurement,High,Direct award method used — competitive bidding bypassed,Verify justification for direct award. Check approval authority.
ocds-5whusi-KTB/DP/0077/2023-2024,TAMARIND DHOW,162500.0,Kenya Tourism Board,direct_procurement,High,Direct award method used — competitive bidding bypassed,Verify justification for direct award. Check approval authority.
ocds-5whusi-KURA/SR/RFQ/004/2024-2025,RIFT MOTORS LTD,137176.0,Kenya Urban Roads Authority,direct_procurement,High,Direct award method used — competitive bidding bypassed,Verify justification for direct award. Check approval authority.
ocds-5whusi-KVDA/T/44/2023-2024,MULBE LIMITED,32444013.0,KERIO VALLEY DEVELOPMENT AUTHORITY (KVDA),normal,Low,ML model flagged as outlier — unusual pattern across multiple fields,Review contract file. Escalate if no clear explanation found.
ocds-5whusi-KWSC/01/2024-2025,PAN AFRICA CHEMICALS LTD,82538416.0,KISUMU WATER AND SANITATION COMPANY LIMITED,normal,Low,ML model flagged as outlier — unusual pattern across multiple fields,Review contract file. Escalate if no clear explanation found.
ocds-5whusi-KWS/RT/B&F/86/2023-2024,UNKNOWN,6093288.6,Kenya Wildlife Service,missing_supplier,High,Contract awarded with no supplier recorded — bypasses vendor accountability,Obtain supplier details from procuring entity. Escalate if unresolved.
ocds-5whusi-KWS/RT/B&F/87/2023-2024,UNKNOWN,14291890.2,Kenya Wildlife Service,missing_supplier,High,Contract awarded with no supplier recorded — bypasses vendor accountability,Obtain supplier details from procuring entity. Escalate if unresolved.
ocds-5whusi-KWS/RT/LEA/91/2023-2024,UNKNOWN,17805637.7,Kenya Wildlife Service,missing_supplier,High,Contract awarded with no supplier recorded — bypasses vendor accountability,Obtain supplier details from procuring entity. Escalate if unresolved.
ocds-5whusi-LBDA/RT/07/2023/2024LOT5,Sajucy Company Ltd,32927792.47,Lake Basin Development Authority,normal,Low,ML model flagged as outlier — unusual pattern across multiple fields,Review contract file. Escalate if no clear explanation found.
ocds-5whusi-LVNWWDA/GK/BGM/STATELODGE/2023-2024-03,Hydrotech Associates Limited,11323600.0,Lake Victoria North Water services Board,normal,Low,ML model flagged as outlier — unusual pattern across multiple fields,Review contract file. Escalate if no clear explanation found.
ocds-5whusi-MCG/530/2024/2025,Albaa Merchants Enterprises Limited,2263901.0,Murang'a County Government,normal,Low,ML model flagged as outlier — unusual pattern across multiple fields,Review contract file. Escalate if no clear explanation found.
ocds-5whusi-MCG/OT/015/2023-2024,UNKNOWN,220434636.0,Mandera County Government,missing_supplier,High,Contract awarded with no supplier recorded — bypasses vendor accountability,Obtain supplier details from procuring entity. Escalate if unresolved.
ocds-5whusi-MCG/OT/019/2023-2024,AHQA COMPANY LIMITED,117910821.0,Mandera County Government,normal,Low,ML model flagged as outlier — unusual pattern across multiple fields,Review contract file. Escalate if no clear explanation found.
ocds-5whusi-MECCF/SDF/11/2023-2024,CFAO Motors Kenya Ltd,1961874.0,STATE DEPARTMENT FOR FORESTRY,direct_procurement,High,Direct award method used — competitive bidding bypassed,Verify justification for direct award. Check approval authority.
ocds-5whusi-MTC/T/003/2024-2025,HANSEN VENTURES LIMITED,2570400.0,MURANG'A TEACHERS TRAINING COLLEGE,after_hours_entry,Medium,Transaction posted outside business hours — unusual timing,Verify who posted and why. Check system access logs.
ocds-5whusi-MTRH/DP/22/2023-2026,Elsmed Kenya Limited,11678060.0,Moi Teaching and Referral Hostipal,direct_procurement,High,Direct award method used — competitive bidding bypassed,Verify justification for direct award. Check approval authority.
ocds-5whusi-MUST/DIRECT/CEM-02/2023-2024,Bruker South Africa (Pty) Ltd,12119746.87,Meru University of Science and Technology,direct_procurement,High,Direct award method used — competitive bidding bypassed,Verify justification for direct award. Check approval authority.
ocds-5whusi-NA/OT/016/2023-2024,Codecraft Limited,23855000.0,The National Assembly,normal,Low,ML model flagged as outlier — unusual pattern across multiple fields,Review contract file. Escalate if no clear explanation found.
ocds-5whusi-NCG/OT/031/2024-2025,FIG ENGINEERING SERVICES LTD,90064638.51,Narok County Government,normal,Low,ML model flagged as outlier — unusual pattern across multiple fields,Review contract file. Escalate if no clear explanation found.
ocds-5whusi-NCG/RT/016/2022-2023,JADEFOREST CONSTRUCTION LIMITED,31393755.12,Narok County Government,normal,Low,ML model flagged as outlier — unusual pattern across multiple fields,Review contract file. Escalate if no clear explanation found.
ocds-5whusi-NCG/RT/021/2022-2023,CHIVANI CONCRETE LTD,18975000.0,Narok County Government,normal,Low,ML model flagged as outlier — unusual pattern across multiple fields,Review contract file. Escalate if no clear explanation found.
ocds-5whusi-NCG/RT/027/2022-2023,UNKNOWN,8546706.0,Narok County Government,missing_supplier,High,Contract awarded with no supplier recorded — bypasses vendor accountability,Obtain supplier details from procuring entity. Escalate if unresolved.
ocds-5whusi-NDMA/11/2023-2024,UNKNOWN,35964707.0,National Drought Management Authority,missing_supplier,High,Contract awarded with no supplier recorded — bypasses vendor accountability,Obtain supplier details from procuring entity. Escalate if unresolved.
ocds-5whusi-NDMA/KLF/01/2024-2025,Anelia Investment,44800.0,National Drought Management Authority,after_hours_entry,Medium,Transaction posted outside business hours — unusual timing,Verify who posted and why. Check system access logs.
ocds-5whusi-NEMA/DIR/01082/2023-2024,UNKNOWN,4460700.0,National Environment Management Authority,direct_procurement,High,Direct award method used — competitive bidding bypassed,Verify justification for direct award. Check approval authority.
ocds-5whusi-NG-NGAAF/NGAAFO/03/06/2023-2024,AJRA GREEN ENTERPRISES ,2937200.0,county commissioner's office kwale,normal,Low,ML model flagged as outlier — unusual pattern across multiple fields,Review contract file. Escalate if no clear explanation found.
ocds-5whusi-NHC/RFQ/745/2022,UNKNOWN,9156784.0,National Housing Corporation,direct_procurement,High,Direct award method used — competitive bidding bypassed,Verify justification for direct award. Check approval authority.
ocds-5whusi-NHC/TECH/NYD/021/2022-2023,M/s. Vee Vee Enterprises Limited,256000000.0,National Housing Corporation,normal,Low,ML model flagged as outlier — unusual pattern across multiple fields,Review contract file. Escalate if no clear explanation found.
ocds-5whusi-NHIF-DP-006-2021-2022,MIBM,211500000.0,National Hospital Insurance Fund,direct_procurement,High,Direct award method used — competitive bidding bypassed,Verify justification for direct award. Check approval authority.
ocds-5whusi-NOCK/PRC/03(1696)2022/2023,Schlumberger Offshore Services,45275318.65,National Oil Corporation Of Kenya,direct_procurement,High,Direct award method used — competitive bidding bypassed,Verify justification for direct award. Check approval authority.
ocds-5whusi-NSC/FACT-18/2024-2025,COMPETITIVE OPTIONS LTD,11584381.92,Nzoia Sugar Company,direct_procurement,High,Direct award method used — competitive bidding bypassed,Verify justification for direct award. Check approval authority.
ocds-5whusi-NTSA/DP-012/2023-2024,UNKNOWN,10612219.4,National Transport and Safety Authority,direct_procurement,High,Direct award method used — competitive bidding bypassed,Verify justification for direct award. Check approval authority.
ocds-5whusi-NTSA/NCB-013/2020-2021,dimension data solution ltd,45693492.99,National Transport and Safety Authority,normal,Low,ML model flagged as outlier — unusual pattern across multiple fields,Review contract file. Escalate if no clear explanation found.
ocds-5whusi-NWHSA/RFP/002/2023-2024,Design Mater Plan and Hornbeam Consultants Limited JV,77716461.7987,National Water Harvesting and Storage Authority,normal,Low,ML model flagged as outlier — unusual pattern across multiple fields,Review contract file. Escalate if no clear explanation found.
ocds-5whusi-NWSC/OT/06/2023-2025,GA Insurance Limited,52875042.0,Nyeri Water and Sanitation Company Litmited,after_hours_entry,Medium,Transaction posted outside business hours — unusual timing,Verify who posted and why. Check system access logs.
ocds-5whusi-NWWDA/T/CW/037/2023-2024,Yujim Holdings Limited,44154639.0,Northern Water Works Development Agency,normal,Low,ML model flagged as outlier — unusual pattern across multiple fields,Review contract file. Escalate if no clear explanation found.
ocds-5whusi-NWWDA/T/CW/050/2023-2024,Frontier Engineering Limited,764152180.0,Northern Water Works Development Agency,normal,Low,ML model flagged as outlier — unusual pattern across multiple fields,Review contract file. Escalate if no clear explanation found.
ocds-5whusi-OAG/DP/04/2023-2024,MFI Document Solutions Ltd,13806900.0,Office of the Auditor General,direct_procurement,High,Direct award method used — competitive bidding bypassed,Verify justification for direct award. Check approval authority.
ocds-5whusi-OAG/OT/34/2023-2024,COPY CAT LTD,25164805.0,Office of the Auditor General,normal,Low,ML model flagged as outlier — unusual pattern across multiple fields,Review contract file. Escalate if no clear explanation found.
ocds-5whusi-PA/QUOT/DP/119/2023-2024,UNKNOWN,1459586.25,Privatisation Authority,direct_procurement,High,Direct award method used — competitive bidding bypassed,Verify justification for direct award. Check approval authority.
ocds-5whusi-PC/QUOT/DP/67/2023-2024-NATIONGROUPLTD,M/S THE NATION MEDIA GROUP LIMITED,253344.0,Privatisation Authority,direct_procurement,High,Direct award method used — competitive bidding bypassed,Verify justification for direct award. Check approval authority.
ocds-5whusi-PJS/002/2024-2025,M/s Geminia Insurance Limited,31524191.0,PARLIAMENTARY JOINT SERVICES,direct_procurement,High,Direct award method used — competitive bidding bypassed,Verify justification for direct award. Check approval authority.
ocds-5whusi-repair and maintenance of Gent's Toilet and kitchen area,BERWAKI AFRICA LIMITED,8635.0,COMMODITIES FUND,normal,Low,ML model flagged as outlier — unusual pattern across multiple fields,Review contract file. Escalate if no clear explanation found.
ocds-5whusi-RFQ/GaU/22/2023-2024,ASHMAR CONSTRUCTION AND SUPPLIES LIMITED,227350.0,Garissa University,after_hours_entry,Medium,Transaction posted outside business hours — unusual timing,Verify who posted and why. Check system access logs.
ocds-5whusi-RFQNO.KEGEA-N-6204692,MFI Document Solutions Limited,341999.0,Tourism,direct_procurement,High,Direct award method used — competitive bidding bypassed,Verify justification for direct award. Check approval authority.
ocds-5whusi-RFX1000001029,Magic Industries Limited,48896880.0,Rural Electrification Authority,normal,Low,ML model flagged as outlier — unusual pattern across multiple fields,Review contract file. Escalate if no clear explanation found.
ocds-5whusi-RFX1000001029,UNKNOWN,51786680.0,Rural Electrification Authority,missing_supplier,High,Contract awarded with no supplier recorded — bypasses vendor accountability,Obtain supplier details from procuring entity. Escalate if unresolved.
ocds-5whusi-RFX1000001029,UNKNOWN,50396200.0,Rural Electrification Authority,missing_supplier,High,Contract awarded with no supplier recorded — bypasses vendor accountability,Obtain supplier details from procuring entity. Escalate if unresolved.
ocds-5whusi-RFX1000001049,Daliko Enterprises,14962463.0,Rural Electrification Authority,normal,Low,ML model flagged as outlier — unusual pattern across multiple fields,Review contract file. Escalate if no clear explanation found.
ocds-5whusi-RFX1000001055,UNKNOWN,83870958.0,Rural Electrification Authority,missing_supplier,High,Contract awarded with no supplier recorded — bypasses vendor accountability,Obtain supplier details from procuring entity. Escalate if unresolved.
ocds-5whusi-RFX1000001055,Africa Bechtel Logistics Limited,31027716.0,Rural Electrification Authority,normal,Low,ML model flagged as outlier — unusual pattern across multiple fields,Review contract file. Escalate if no clear explanation found.
ocds-5whusi-ru/reg/b1/215/24-26,MFI DOCUMENT SOLUTION LTD,1229400.0,Rongo University,direct_procurement,High,Direct award method used — competitive bidding bypassed,Verify justification for direct award. Check approval authority.
ocds-5whusi-SDPW/SB/018/2022-2024.,RAMJI HARIBHAI DEVANI LIMITED,712000.0,STATE DEPARTMENT FOR FORESTRY,direct_procurement,High,Direct award method used — competitive bidding bypassed,Verify justification for direct award. Check approval authority.
ocds-5whusi-SNSC/060A/2022/2023,CAR AND GENERAL (TRADING) LTD,174000.0,South Nyanza Sugar Company Limited,direct_procurement,High,Direct award method used — competitive bidding bypassed,Verify justification for direct award. Check approval authority.
ocds-5whusi-SNSC/110A/2022/2023,Alloy Steel Castings Limited,2700480.0,South Nyanza Sugar Company Limited,normal,Low,ML model flagged as outlier — unusual pattern across multiple fields,Review contract file. Escalate if no clear explanation found.
ocds-5whusi-SNSC/160/2024/2025,"R, M Patel & Partners Limited",730220.0,South Nyanza Sugar Company Limited,direct_procurement,High,Direct award method used — competitive bidding bypassed,Verify justification for direct award. Check approval authority.
ocds-5whusi-SNSC/164/2024/2025,Print Graphics,131892.0,South Nyanza Sugar Company Limited,direct_procurement,High,Direct award method used — competitive bidding bypassed,Verify justification for direct award. Check approval authority.
ocds-5whusi-SNSC/17100/2023/2024,R.M Patel & Partners Limited,1200600.0,South Nyanza Sugar Company Limited,direct_procurement,High,Direct award method used — competitive bidding bypassed,Verify justification for direct award. Check approval authority.
ocds-5whusi-SNSC/173/2024/2025,Truckhub Auto Solutions Limited,46980.0,South Nyanza Sugar Company Limited,direct_procurement,High,Direct award method used — competitive bidding bypassed,Verify justification for direct award. Check approval authority.
ocds-5whusi-SNSC/18006/2023/2024,R.M. Patel & Partners Limited,508660.0,South Nyanza Sugar Company Limited,direct_procurement,High,Direct award method used — competitive bidding bypassed,Verify justification for direct award. Check approval authority.
ocds-5whusi-SNSC/182/2024/2025,Total Energies Marketing Kenya PLC,88160.0,South Nyanza Sugar Company Limited,direct_procurement,High,Direct award method used — competitive bidding bypassed,Verify justification for direct award. Check approval authority.
ocds-5whusi-SNSC/186/2024/2025,Repelectric (Kenya) Limited,3074351.02,South Nyanza Sugar Company Limited,direct_procurement,High,Direct award method used — competitive bidding bypassed,Verify justification for direct award. Check approval authority.
ocds-5whusi-SNSC/211/2024/2025,Vishal Engi Chem,798977.56,South Nyanza Sugar Company Limited,normal,Low,ML model flagged as outlier — unusual pattern across multiple fields,Review contract file. Escalate if no clear explanation found.
ocds-5whusi-SNSC/222/2024/2025,Repelectric (Kenya) Limited,1032140.16,South Nyanza Sugar Company Limited,direct_procurement,High,Direct award method used — competitive bidding bypassed,Verify justification for direct award. Check approval authority.
ocds-5whusi-SNSC/224/2024/2025,Vishal Engi Chem,881411.63,South Nyanza Sugar Company Limited,normal,Low,ML model flagged as outlier — unusual pattern across multiple fields,Review contract file. Escalate if no clear explanation found.
ocds-5whusi-SNSC/224/2024/2025,Dynamic Controls Limited,337966.0,South Nyanza Sugar Company Limited,normal,Low,ML model flagged as outlier — unusual pattern across multiple fields,Review contract file. Escalate if no clear explanation found.
ocds-5whusi-SNSC/242A/2023/2024,UNKNOWN,65379.31,South Nyanza Sugar Company Limited,direct_procurement,High,Direct award method used — competitive bidding bypassed,Verify justification for direct award. Check approval authority.
ocds-5whusi-SNSC/251/2024/2025,Vishal Engi Chem,582709.38,South Nyanza Sugar Company Limited,after_hours_entry,Medium,Transaction posted outside business hours — unusual timing,Verify who posted and why. Check system access logs.
ocds-5whusi-SNSC/251/2024/2025,Vishal Engi Chem,582709.38,South Nyanza Sugar Company Limited,normal,Low,ML model flagged as outlier — unusual pattern across multiple fields,Review contract file. Escalate if no clear explanation found.
ocds-5whusi-SNSC/261/2023/2024,Wuod Nyosingo Enterprises,12217.24,South Nyanza Sugar Company Limited,normal,Low,ML model flagged as outlier — unusual pattern across multiple fields,Review contract file. Escalate if no clear explanation found.
ocds-5whusi-SNSC/285/2021/2022,UNKNOWN,4889400.0,South Nyanza Sugar Company Limited,missing_supplier,High,Contract awarded with no supplier recorded — bypasses vendor accountability,Obtain supplier details from procuring entity. Escalate if unresolved.
ocds-5whusi-SNSC/285/2021/2022,Lamatho Enterprises,11973520.0,South Nyanza Sugar Company Limited,normal,Low,ML model flagged as outlier — unusual pattern across multiple fields,Review contract file. Escalate if no clear explanation found.
ocds-5whusi-SNSC/305/2023/2024,UNKNOWN,7761423.16,South Nyanza Sugar Company Limited,direct_procurement,High,Direct award method used — competitive bidding bypassed,Verify justification for direct award. Check approval authority.
ocds-5whusi-SNSC/320B/2023/2024,St Peters Leather Works,305900.0,South Nyanza Sugar Company Limited,direct_procurement,High,Direct award method used — competitive bidding bypassed,Verify justification for direct award. Check approval authority.
ocds-5whusi-SNSC/328/2021/2022,SAI Universal Supplies Limited,524400.0,South Nyanza Sugar Company Limited,normal,Low,ML model flagged as outlier — unusual pattern across multiple fields,Review contract file. Escalate if no clear explanation found.
ocds-5whusi-SNSC/328/2021/2022,UNKNOWN,1000000.0,South Nyanza Sugar Company Limited,missing_supplier,High,Contract awarded with no supplier recorded — bypasses vendor accountability,Obtain supplier details from procuring entity. Escalate if unresolved.
ocds-5whusi-SNSC/328/2021/2022,Eri Supplies Limited,208800.0,South Nyanza Sugar Company Limited,normal,Low,ML model flagged as outlier — unusual pattern across multiple fields,Review contract file. Escalate if no clear explanation found.
ocds-5whusi-SNSC/328/2021/2022,Kingsway tyres limited,895500.0,South Nyanza Sugar Company Limited,normal,Low,ML model flagged as outlier — unusual pattern across multiple fields,Review contract file. Escalate if no clear explanation found.
ocds-5whusi-SNSC/328/2021/2022,Autoxpress Limited,1649100.17,South Nyanza Sugar Company Limited,normal,Low,ML model flagged as outlier — unusual pattern across multiple fields,Review contract file. Escalate if no clear explanation found.
ocds-5whusi-SNSC/328/2021/2022,Eri Supplies Limited,69600.0,South Nyanza Sugar Company Limited,normal,Low,ML model flagged as outlier — unusual pattern across multiple fields,Review contract file. Escalate if no clear explanation found.
ocds-5whusi-SNSC/348/2023/2024,SAFARICOM PLC,6000.0,South Nyanza Sugar Company Limited,direct_procurement,High,Direct award method used — competitive bidding bypassed,Verify justification for direct award. Check approval authority.
ocds-5whusi-SNSC/355/2023/2024,East African Chains Limited,20056.0,South Nyanza Sugar Company Limited,direct_procurement,High,Direct award method used — competitive bidding bypassed,Verify justification for direct award. Check approval authority.
ocds-5whusi-SNSC/371/2023/2024,UNKNOWN,290729.64,South Nyanza Sugar Company Limited,direct_procurement,High,Direct award method used — competitive bidding bypassed,Verify justification for direct award. Check approval authority.
ocds-5whusi-SNSC/373/2023/2024,Paves Vetagro limited,99910.8,South Nyanza Sugar Company Limited,direct_procurement,High,Direct award method used — competitive bidding bypassed,Verify justification for direct award. Check approval authority.
ocds-5whusi-SNSC/381/2023/2024,UNKNOWN,295800.0,South Nyanza Sugar Company Limited,direct_procurement,High,Direct award method used — competitive bidding bypassed,Verify justification for direct award. Check approval authority.
ocds-5whusi-SNSC/386/2023/2024,UNKNOWN,3516783.6,South Nyanza Sugar Company Limited,direct_procurement,High,Direct award method used — competitive bidding bypassed,Verify justification for direct award. Check approval authority.
ocds-5whusi-SNSC/394/2023/2024,Prof.Robert Jallang'o Akello,684400.0,South Nyanza Sugar Company Limited,direct_procurement,High,Direct award method used — competitive bidding bypassed,Verify justification for direct award. Check approval authority.
ocds-5whusi-SNSC/394/2023/2024,Prof.Robert Jallang'o Akello,11600.0,South Nyanza Sugar Company Limited,direct_procurement,High,Direct award method used — competitive bidding bypassed,Verify justification for direct award. Check approval authority.
ocds-5whusi-SNSC/402/2023/2024,UNKNOWN,1487120.0,South Nyanza Sugar Company Limited,missing_supplier,High,Contract awarded with no supplier recorded — bypasses vendor accountability,Obtain supplier details from procuring entity. Escalate if unresolved.
ocds-5whusi-SNSC/407A/2023/2024,Indaff Engineering,3993106.0,South Nyanza Sugar Company Limited,normal,Low,ML model flagged as outlier — unusual pattern across multiple fields,Review contract file. Escalate if no clear explanation found.
ocds-5whusi-SNSC/435/2023/2024,St Peters Leather Works,26000.0,South Nyanza Sugar Company Limited,direct_procurement,High,Direct award method used — competitive bidding bypassed,Verify justification for direct award. Check approval authority.
ocds-5whusi-SNSC/445/2023/2024,Soni Technical Services Limited,863946.08,South Nyanza Sugar Company Limited,direct_procurement,High,Direct award method used — competitive bidding bypassed,Verify justification for direct award. Check approval authority.
ocds-5whusi-SNSC/AGRIC/14164/2022/2023,UNKNOWN,13500.0,South Nyanza Sugar Company Limited,direct_procurement,High,Direct award method used — competitive bidding bypassed,Verify justification for direct award. Check approval authority.
ocds-5whusi-SRC/RT/84/2023-2024,Old Mutual Life Assurance Kenya Limited,4281677.0,Salaries & Remuneration Commission,normal,Low,ML model flagged as outlier — unusual pattern across multiple fields,Review contract file. Escalate if no clear explanation found.
ocds-5whusi-TARDA/RT/028/2023-2024,UNKNOWN,20800050.0,Tana And Athi Rivers Development Authority,missing_supplier,High,Contract awarded with no supplier recorded — bypasses vendor accountability,Obtain supplier details from procuring entity. Escalate if unresolved.
ocds-5whusi-TARDA/RT/100/2023-2024,HBO CONTRACTORS LIMITED,12490380.0,Tana And Athi Rivers Development Authority,normal,Low,ML model flagged as outlier — unusual pattern across multiple fields,Review contract file. Escalate if no clear explanation found.
ocds-5whusi-TARDA/RT/103/2023-2024,VILLAMAX VENTURES LIMITED,10750000.8,Tana And Athi Rivers Development Authority,normal,Low,ML model flagged as outlier — unusual pattern across multiple fields,Review contract file. Escalate if no clear explanation found.
ocds-5whusi-TARDA/RT/126/2023-2024,DIAMOND NATURE LIMITED,25922740.0,Tana And Athi Rivers Development Authority,normal,Low,ML model flagged as outlier — unusual pattern across multiple fields,Review contract file. Escalate if no clear explanation found.
ocds-5whusi-TARDA/RT/130/2023-2024,PRISVIEW HOLDINGS,14929625.0,Tana And Athi Rivers Development Authority,normal,Low,ML model flagged as outlier — unusual pattern across multiple fields,Review contract file. Escalate if no clear explanation found.
ocds-5whusi-TCG/LMB/173/2023-2024NEGOTIATIONNO:1437509,UNKNOWN,189832941.11,Turkana County Government,missing_supplier,High,Contract awarded with no supplier recorded — bypasses vendor accountability,Obtain supplier details from procuring entity. Escalate if unresolved.
ocds-5whusi-TCG/LPP&UAM/197/2023-2024NEGOTIATIONNO.143621,UNKNOWN,29807600.0,Turkana County Government,missing_supplier,High,Contract awarded with no supplier recorded — bypasses vendor accountability,Obtain supplier details from procuring entity. Escalate if unresolved.
ocds-5whusi-TCG/MOAPEF/017/2023-2024NEGOTIATION:1373514-2,DESERT OFFICE SOLUTION,5812999.0,Turkana County Government,normal,Low,ML model flagged as outlier — unusual pattern across multiple fields,Review contract file. Escalate if no clear explanation found.
ocds-5whusi-TCG/OOG/028/2024-2025,AKAJALO CONSTRUCTION AND SUPPLIERS LIMITED,19550400.0,Turkana County Government,normal,Low,ML model flagged as outlier — unusual pattern across multiple fields,Review contract file. Escalate if no clear explanation found.
ocds-5whusi-TCG/PSADM/165/2022-2023,M/s Jubilee Life Insurance,277001037.0,Turkana County Government,normal,Low,ML model flagged as outlier — unusual pattern across multiple fields,Review contract file. Escalate if no clear explanation found.
ocds-5whusi-TENDERNO.KP1/9A.3/RT/22/23-24,M/s Cable Connect Ltd,61247520.0,Kenya Power & Lighting Company,normal,Low,ML model flagged as outlier — unusual pattern across multiple fields,Review contract file. Escalate if no clear explanation found.
ocds-5whusi-TENDERNO.KP1/9A.3/RT/22/23-24,M/S East Africa Cables Limited,9712692.0,Kenya Power & Lighting Company,normal,Low,ML model flagged as outlier — unusual pattern across multiple fields,Review contract file. Escalate if no clear explanation found.
ocds-5whusi-TENDERNO.ODPC/OT/04/2023-2024,Agile Cloud Limited,22659710.38,OFFICE OF THE DATA PROTECTION COMMISSIONER,normal,Low,ML model flagged as outlier — unusual pattern across multiple fields,Review contract file. Escalate if no clear explanation found.
ocds-5whusi-TENDER/VCG/T&I/143/2024-2025,WILCOREG LIMITED,5387200.0,Vihiga County Government,after_hours_entry,Medium,Transaction posted outside business hours — unusual timing,Verify who posted and why. Check system access logs.
ocds-5whusi-TMU/DP/12/2023/2024,CFAO MOTORS KENYA LIMITED,108244.18,Tom Mboya University College (Maseno),direct_procurement,High,Direct award method used — competitive bidding bypassed,Verify justification for direct award. Check approval authority.
ocds-5whusi-TMU/DP/18/2023/2024,MFI DOCUMENT SOLUTIONS LTD,80272.0,Tom Mboya University College (Maseno),direct_procurement,High,Direct award method used — competitive bidding bypassed,Verify justification for direct award. Check approval authority.
ocds-5whusi-TMU/RFQ/32/2023/2024,GEODAMIL ENTERPRISE LIMITED,1960000.0,Tom Mboya University College (Maseno),direct_procurement,High,Direct award method used — competitive bidding bypassed,Verify justification for direct award. Check approval authority.
ocds-5whusi-TNT/043/2023-2024,Zamara Actuaries,43091680.0,The National Treasury,normal,Low,ML model flagged as outlier — unusual pattern across multiple fields,Review contract file. Escalate if no clear explanation found.
ocds-5whusi-TRCG/OT/HEALTH/54/2023-2024,THE KITCHEN HUB ENTERTAINMENT LIMITED,84913536.0,Tana River County Government,normal,Low,ML model flagged as outlier — unusual pattern across multiple fields,Review contract file. Escalate if no clear explanation found.
ocds-5whusi-TTCA/RFQ/017/2023-2024,BUSATANI LOWLAND AGENCIES LTD,2967951.0,County Assembly Of Taita-Taveta,normal,Low,ML model flagged as outlier — unusual pattern across multiple fields,Review contract file. Escalate if no clear explanation found.
ocds-5whusi-UOK/Q/ICT/2023/2024/045,MFI Document Solutions Ltd,2182710.0,University of Kabianga,direct_procurement,High,Direct award method used — competitive bidding bypassed,Verify justification for direct award. Check approval authority.
ocds-5whusi-WRA/HQ/GOK/DR/30/23-24,UNKNOWN,34500.0,Water Resources Authority,direct_procurement,High,Direct award method used — competitive bidding bypassed,Verify justification for direct award. Check approval authority.
ocds-5whusi-WR-SONDU-PROFORMA INVOICE-KDK191P-2024,SIMBA CORPORATION LIMITED,66460.71,Kenya Electricity  Generating Company,direct_procurement,High,Direct award method used — competitive bidding bypassed,Verify justification for direct award. Check approval authority.
ocds-5whusi-WR-SONDU-PROFORMA INVOICE-PQ1-751-2024,SALVADOR CAETANO KENYA LIMITED,113883.0,Kenya Electricity  Generating Company,direct_procurement,High,Direct award method used — competitive bidding bypassed,Verify justification for direct award. Check approval authority.
ocds-5whusi-WR-TURK-500001369-2023,UNKNOWN,2498520.0,Kenya Electricity  Generating Company,direct_procurement,High,Direct award method used — competitive bidding bypassed,Verify justification for direct award. Check approval authority.
ocds-5whusi-WR-TURK-ICT-001-2024,SAFARICOM PLC,2902350.5,Kenya Electricity  Generating Company,direct_procurement,High,Direct award method used — competitive bidding bypassed,Verify justification for direct award. Check approval authority.
ocds-5whusi-1181762/2022-2023,VISIONTRACK VENTURES LIMITED,5801445.0,County Assembly Of Taita-Taveta,normal,Low,ML model flagged as outlier — unusual pattern across multiple fields,Review contract file. Escalate if no clear explanation found.
ocds-5whusi-11874894,CHEMASUS CO LTD,4785000.0,Bomet County Government,normal,Low,ML model flagged as outlier — unusual pattern across multiple fields,Review contract file. Escalate if no clear explanation found.
ocds-5whusi-1188672,Armage Capitals Limited,4188000.0,Bomet County Government,normal,Low,ML model flagged as outlier — unusual pattern across multiple fields,Review contract file. Escalate if no clear explanation found.
ocds-5whusi-1225767-2022/2023,JUSTEC COMMUNICATIONS LIMITED,17557586.0,Kirinyaga County Government,normal,Low,ML model flagged as outlier — unusual pattern across multiple fields,Review contract file. Escalate if no clear explanation found.
ocds-5whusi-1354179-2,FIFA HOLDINGS LIMITED,1200000.0,Nyandarua County Government,direct_procurement,High,Direct award method used — competitive bidding bypassed,Verify justification for direct award. Check approval authority.
ocds-5whusi-1366192-3,Symphony Technologies Limited,394400.0,Kwale County Government,direct_procurement,High,Direct award method used — competitive bidding bypassed,Verify justification for direct award. Check approval authority.
ocds-5whusi-1369114,pacific diagnostic limited,2041600.0,Kitui County Government,direct_procurement,High,Direct award method used — competitive bidding bypassed,Verify justification for direct award. Check approval authority.
ocds-5whusi-1371864,UNKNOWN,5999612.8,Kwale County Government,missing_supplier,High,Contract awarded with no supplier recorded — bypasses vendor accountability,Obtain supplier details from procuring entity. Escalate if unresolved.
ocds-5whusi-1371924,UNKNOWN,5996863.6,Kwale County Government,missing_supplier,High,Contract awarded with no supplier recorded — bypasses vendor accountability,Obtain supplier details from procuring entity. Escalate if unresolved.
ocds-5whusi-1372027/2022/2024,Pharmatrade Pharmacy LTD,64701496.0,Trans Nzoia County Government,normal,Low,ML model flagged as outlier — unusual pattern across multiple fields,Review contract file. Escalate if no clear explanation found.
ocds-5whusi-1390887-2023/2024,UNKNOWN,5528.0,Bungoma County Government,missing_supplier,High,Contract awarded with no supplier recorded — bypasses vendor accountability,Obtain supplier details from procuring entity. Escalate if unresolved.
ocds-5whusi-1419800-2023/2024,AAR INSURANCE KENYA LTD,27766302.0,County Assembly Of Vihiga,normal,Low,ML model flagged as outlier — unusual pattern across multiple fields,Review contract file. Escalate if no clear explanation found.
ocds-5whusi-1436871-2023/2024,CFAO Motors Kenya Ltd,64654.1,Nyandarua County Government,direct_procurement,High,Direct award method used — competitive bidding bypassed,Verify justification for direct award. Check approval authority.
ocds-5whusi-1474196-2023/2024,UNKNOWN,3645000.0,Bungoma County Government,missing_supplier,High,Contract awarded with no supplier recorded — bypasses vendor accountability,Obtain supplier details from procuring entity. Escalate if unresolved.
ocds-5whusi-218513-KAA/DP/FIN/0017/2024-2025,INFOCENTURY SOLUTIONS LIMITED,23789168.6,Kenya Airport Authority,direct_procurement,High,Direct award method used — competitive bidding bypassed,Verify justification for direct award. Check approval authority.
ocds-5whusi-218808-CGS/HEALTH/OT/2024-2025/40,ELGIBORH SOLUTIONS LIMITED,17305004.0,Siaya County Government,normal,Low,ML model flagged as outlier — unusual pattern across multiple fields,Review contract file. Escalate if no clear explanation found.
ocds-5whusi-218890-SNSC/287/2024/2025,Dancun's Chemist,240000.0,South Nyanza Sugar Company Limited,direct_procurement,High,Direct award method used — competitive bidding bypassed,Verify justification for direct award. Check approval authority.
ocds-5whusi-218906-CGS/GOV.&ADM/OT/2024-2025/06,JOHNCELE INSURANCE BROKERS LIMITED,296645940.0,Siaya County Government,normal,Low,ML model flagged as outlier — unusual pattern across multiple fields,Review contract file. Escalate if no clear explanation found.
ocds-5whusi-219140-CBK/067/2024-2025,Shawmut Limited,74784236.96,Central Bank of Kenya,direct_procurement,High,Direct award method used — competitive bidding bypassed,Verify justification for direct award. Check approval authority.
ocds-5whusi-2357-2023-2024,Longrock Tours & Travel Limited,35050.0,State Department of Planning,direct_procurement,High,Direct award method used — competitive bidding bypassed,Verify justification for direct award. Check approval authority.
ocds-5whusi-2503-2023-2024,Primate Tours Limited,32420.0,State Department of Planning,direct_procurement,High,Direct award method used — competitive bidding bypassed,Verify justification for direct award. Check approval authority.
ocds-5whusi-2506-2023-2024,Primate Tours Limited,38920.0,State Department of Planning,direct_procurement,High,Direct award method used — competitive bidding bypassed,Verify justification for direct award. Check approval authority.
ocds-5whusi-2518,GARSE ENGINEERING & CONSTRUCTION LIMITED,15533096.0,State Department of Planning,direct_procurement,High,Direct award method used — competitive bidding bypassed,Verify justification for direct award. Check approval authority.
ocds-5whusi-4468,AYTECH GENERAL SUPPLIES LIMITED,29982050.0,The Meru National Polytechnic,duplicate_invoice,Medium,Amount and vendor match another contract — possible duplicate payment,Cross-check payment records. Flag for recovery if duplicate paid.
ocds-5whusi-4500003917,VERTEX CORPORATE SOLUTIONS  LIMITED,2765500.32,Tourism Fund,after_hours_entry,Medium,Transaction posted outside business hours — unusual timing,Verify who posted and why. Check system access logs.
ocds-5whusi-4652,SOLITAIRE CONSTRUCTION LIMITED,1150571187.0,The Meru National Polytechnic,normal,Low,ML model flagged as outlier — unusual pattern across multiple fields,Review contract file. Escalate if no clear explanation found.
ocds-5whusi-AFC/OT/10/2023-2024,UNKNOWN,172074016.0,Agricultural Finance Corporation,missing_supplier,High,Contract awarded with no supplier recorded — bypasses vendor accountability,Obtain supplier details from procuring entity. Escalate if unresolved.
ocds-5whusi-AU/TENDER/01/2024-2025,AAR Insurance,23168166.0,Alupe University,normal,Low,ML model flagged as outlier — unusual pattern across multiple fields,Review contract file. Escalate if no clear explanation found.
ocds-5whusi-AWWDA/GOK/B/KD/W-13/2024,Brurero Enterprise Ltd,25302062.1,Athi Water Works Development Agency,normal,Low,ML model flagged as outlier — unusual pattern across multiple fields,Review contract file. Escalate if no clear explanation found.
ocds-5whusi-AWWDA/GOK/KLM/W-18/2023-2024,El-vis Communications Limited,49133911.2,Athi Water Works Development Agency,normal,Low,ML model flagged as outlier — unusual pattern across multiple fields,Review contract file. Escalate if no clear explanation found.
ocds-5whusi-BCA/08/2023-2024,UNKNOWN,101061404.0,County Assembly Of Bomet,missing_supplier,High,Contract awarded with no supplier recorded — bypasses vendor accountability,Obtain supplier details from procuring entity. Escalate if unresolved.
ocds-5whusi-BGM/CNTY/FIN/EF/RT/01/2023-2024,SPIROX SOLUTIONS LIMITED,9645000.0,Bungoma County Government,normal,Low,ML model flagged as outlier — unusual pattern across multiple fields,Review contract file. Escalate if no clear explanation found.
ocds-5whusi-BGM/CNTY/FIN/EF/RT/03/2023-2024,MILILI  LIMITED,11800715.96,Bungoma County Government,normal,Low,ML model flagged as outlier — unusual pattern across multiple fields,Review contract file. Escalate if no clear explanation found.
ocds-5whusi-BGM/CNTY/FIN/RT/02/2023-2024,CHEWANYU ENTERPRISES,2187500.0,Bungoma County Government,normal,Low,ML model flagged as outlier — unusual pattern across multiple fields,Review contract file. Escalate if no clear explanation found.
ocds-5whusi-BGM/CNTY/RPW/CEF/OT/068/2023-2024,Cardio Cloud Africa Limited,6530000.0,Bungoma County Government,normal,Low,ML model flagged as outlier — unusual pattern across multiple fields,Review contract file. Escalate if no clear explanation found.
ocds-5whusi-BSA/CG/DP/01/2023/2024,Villa Rosa Kempinski,5249000.0,Busia County Government,direct_procurement,High,Direct award method used — competitive bidding bypassed,Verify justification for direct award. Check approval authority.
ocds-5whusi-BSA/CG/PWRT/136/2024/2025,Chivas Enterprise Limited,20325515.83,Busia County Government,normal,Low,ML model flagged as outlier — unusual pattern across multiple fields,Review contract file. Escalate if no clear explanation found.
ocds-5whusi-BSA/CG/PWRT/138/2024/2025,RKAB INVESTMENT  Ltd,29828429.2,Busia County Government,normal,Low,ML model flagged as outlier — unusual pattern across multiple fields,Review contract file. Escalate if no clear explanation found.
ocds-5whusi-BSA/CG/WIENRCCE/17/2024/2025,Cathemax Investment Ltd,36989202.68,Busia County Government,normal,Low,ML model flagged as outlier — unusual pattern across multiple fields,Review contract file. Escalate if no clear explanation found.
ocds-5whusi-CAJ/01/RS/2023-2024,LUGZ AYANNA,4994666.2,Commission of Administrative Justice - Office of the Ombudsman,normal,Low,ML model flagged as outlier — unusual pattern across multiple fields,Review contract file. Escalate if no clear explanation found.
ocds-5whusi-CAK/0T/MED/11/2024-2025/07,AAR INSURANCE,46999990.0,COUNTY ASSEMBLY OF KISUMU,normal,Low,ML model flagged as outlier — unusual pattern across multiple fields,Review contract file. Escalate if no clear explanation found.
ocds-5whusi-CAK-1648818-2024-25,WIKREATE COMPANY LIMITED,58200000.0,County Assembly Of Kwale,normal,Low,ML model flagged as outlier — unusual pattern across multiple fields,Review contract file. Escalate if no clear explanation found.
ocds-5whusi-CAK/RT/CS/08/2023/2024/01,UNKNOWN,5999988.0,COUNTY ASSEMBLY OF KISUMU,missing_supplier,High,Contract awarded with no supplier recorded — bypasses vendor accountability,Obtain supplier details from procuring entity. Escalate if unresolved.
ocds-5whusi-CAN/OT/03/2024-2025,AAR Insurance Kenya,23063062.0,County Assembly Of Nyeri,normal,Low,ML model flagged as outlier — unusual pattern across multiple fields,Review contract file. Escalate if no clear explanation found.
ocds-5whusi-CA/PROC/RT/03/2022-2023,COM 21,197835300.0,Communications Authority of Kenya ,normal,Low,ML model flagged as outlier — unusual pattern across multiple fields,Review contract file. Escalate if no clear explanation found.
ocds-5whusi-CA/PROC/RT/04/2022-2023(C)LOT 3,LEUVILLE ENTERPRISES LIMITED,2000000.0,Communications Authority of Kenya ,round_number_fraud,Medium,Suspiciously round contract amount — possible pre-arranged award,Request quotation records. Compare with market rates.
ocds-5whusi-CA/SCM/OT/17/2024-2025,M/S Chenaniah Solutions Limited,44394105.85,Communications Authority of Kenya ,normal,Low,ML model flagged as outlier — unusual pattern across multiple fields,Review contract file. Escalate if no clear explanation found.
ocds-5whusi-CA/SCM/OT/57/2023-2024,CENTRIC TECHNOLOGY SOLUTIONS,221438621.21,Communications Authority of Kenya ,normal,Low,ML model flagged as outlier — unusual pattern across multiple fields,Review contract file. Escalate if no clear explanation found.
ocds-5whusi-CATN/MED/11/2023/2024,AAR INSURANCE,25000000.0,County Assembly Of Trans Nzoia,normal,Low,ML model flagged as outlier — unusual pattern across multiple fields,Review contract file. Escalate if no clear explanation found.
ocds-5whusi-CBK/021/2024-2024,ECLECTICS INTERNATIONAL LIMITED,19320000.0,Central Bank of Kenya,direct_procurement,High,Direct award method used — competitive bidding bypassed,Verify justification for direct award. Check approval authority.
ocds-5whusi-CBK/042/2023-2024,UNKNOWN,6568541.75,Central Bank of Kenya,missing_supplier,High,Contract awarded with no supplier recorded — bypasses vendor accountability,Obtain supplier details from procuring entity. Escalate if unresolved.
ocds-5whusi-CBK/061/2024-2025,ISOLUTIONS ASSOCIATES LIMITED,85832443.57,Central Bank of Kenya,normal,Low,ML model flagged as outlier — unusual pattern across multiple fields,Review contract file. Escalate if no clear explanation found.
ocds-5whusi-CBK/098/2023-2024,Isolutions Associates,4854011.45,Central Bank of Kenya,direct_procurement,High,Direct award method used — competitive bidding bypassed,Verify justification for direct award. Check approval authority.
ocds-5whusi-CDACC/T/ERP/-CBA/2023-2024,UNKNOWN,35130368.0,TVET CURRICULUM DEVELOPMENT ASSESSMENT AND CERTIFICATION COUNCIL,missing_supplier,High,Contract awarded with no supplier recorded — bypasses vendor accountability,Obtain supplier details from procuring entity. Escalate if unresolved.
ocds-5whusi-CG/BGM/CNTY/FIN/EF/RT/05/2023-2024,Sarova Panafric Hotel,25925216.77,Bungoma County Government,normal,Low,ML model flagged as outlier — unusual pattern across multiple fields,Review contract file. Escalate if no clear explanation found.
ocds-5whusi-CGB/QTN/DRM/001/2023/2024,M/S TISKOPAK KENYA LIMITED,2286860.0,Baringo County Government,direct_procurement,High,Direct award method used — competitive bidding bypassed,Verify justification for direct award. Check approval authority.
ocds-5whusi-CGK-1684908- FEP-2024/2025,First Assurance Company Limited,381146704.0,Kwale County Government,normal,Low,ML model flagged as outlier — unusual pattern across multiple fields,Review contract file. Escalate if no clear explanation found.
ocds-5whusi-CGK/RPW/1371910/2023/2024,ZAITUNI AND MWANASHA ENTERPRISES ,5998650.0,Kwale County Government,normal,Low,ML model flagged as outlier — unusual pattern across multiple fields,Review contract file. Escalate if no clear explanation found.
ocds-5whusi-CGK/TR&I/RT/001/2023-2024,UNKNOWN,12598760.0,Kirinyaga County Government,missing_supplier,High,Contract awarded with no supplier recorded — bypasses vendor accountability,Obtain supplier details from procuring entity. Escalate if unresolved.
ocds-5whusi-CGN/MOH/ONT/080B/2023-2024,DAKUKI CONSTRUCTION COMPANY LIMITED,248246866.5,Nakuru County Government,normal,Low,ML model flagged as outlier — unusual pattern across multiple fields,Review contract file. Escalate if no clear explanation found.
ocds-5whusi-CGN/WEECCNR/ONT/136/2023-2024,ALISTIC ENTERPRISES LTD,5890127.36,Nakuru County Government,normal,Low,ML model flagged as outlier — unusual pattern across multiple fields,Review contract file. Escalate if no clear explanation found.
ocds-5whusi-CGS/PWRET/OT/2024-2025/013,RIKENS SUPPLIERS AND CONTRACTORS LIMITED,24597956.95,Siaya County Government,normal,Low,ML model flagged as outlier — unusual pattern across multiple fields,Review contract file. Escalate if no clear explanation found.
ocds-5whusi-CGS/PWRET/OT/2024-2025/017,ELGIBORH SOLUTIONS LIMITED,19198870.81,Siaya County Government,normal,Low,ML model flagged as outlier — unusual pattern across multiple fields,Review contract file. Escalate if no clear explanation found.
ocds-5whusi-CGS/PWRET/OT/2024-2025/030,ELGIBORH SOLUTIONS LIMITED,27198895.56,Siaya County Government,normal,Low,ML model flagged as outlier — unusual pattern across multiple fields,Review contract file. Escalate if no clear explanation found.
ocds-5whusi-CGS/PWRET/OT/2024-2025/034,GENO ENGINEERING WORKS LIMITED,11440613.55,Siaya County Government,normal,Low,ML model flagged as outlier — unusual pattern across multiple fields,Review contract file. Escalate if no clear explanation found.
ocds-5whusi-CGS/PWRET/OT/2024-2025/040,JEYPAD DEVELOPERS LIMITED,19276838.12,Siaya County Government,normal,Low,ML model flagged as outlier — unusual pattern across multiple fields,Review contract file. Escalate if no clear explanation found.
ocds-5whusi-CGTT/DPSA/OPEN/001/2024-2025,SCORELINE INSURANCE BROKERS LIMITED,188605933.0,Taita-Taveta County Government,normal,Low,ML model flagged as outlier — unusual pattern across multiple fields,Review contract file. Escalate if no clear explanation found.
ocds-5whusi-CWWDA/RT/KWL-EQ/W/04/2023-2024,Fenke Agencies Limited,9986614.0,Coast Water Services Board,normal,Low,ML model flagged as outlier — unusual pattern across multiple fields,Review contract file. Escalate if no clear explanation found.
ocds-5whusi-DP/AT/0020/2023-2024,SOFT CONSULT,1290000.0,Kenya Tourism Board,direct_procurement,High,Direct award method used — competitive bidding bypassed,Verify justification for direct award. Check approval authority.
ocds-5whusi-EACC/T/01/2024-2025,RIVATON TRANSLATORS,339500.0,Ethics and Anti-Corruption Commission,direct_procurement,High,Direct award method used — competitive bidding bypassed,Verify justification for direct award. Check approval authority.
ocds-5whusi-EACC/T/13/2023-2024,Safaricom PLC,25339221.2,Ethics and Anti-Corruption Commission,direct_procurement,High,Direct award method used — competitive bidding bypassed,Verify justification for direct award. Check approval authority.
ocds-5whusi-EACC/T/21/2023-2024,NOKRAS SILVER OAK EMBU,162000.0,Ethics and Anti-Corruption Commission,direct_procurement,High,Direct award method used — competitive bidding bypassed,Verify justification for direct award. Check approval authority.
ocds-5whusi-EACC/T/22/2023-2024,NOKRAS SILVER OAK EMBU,277500.0,Ethics and Anti-Corruption Commission,direct_procurement,High,Direct award method used — competitive bidding bypassed,Verify justification for direct award. Check approval authority.
ocds-5whusi-EACC/T/24/2024-2025,Admark Enterprises Ltd,1169050.0,Ethics and Anti-Corruption Commission,direct_procurement,High,Direct award method used — competitive bidding bypassed,Verify justification for direct award. Check approval authority.
ocds-5whusi-EACC/T/26/2023-2024,UNKNOWN,1293382.0,Ethics and Anti-Corruption Commission,missing_supplier,High,Contract awarded with no supplier recorded — bypasses vendor accountability,Obtain supplier details from procuring entity. Escalate if unresolved.
ocds-5whusi-EACC/T/53/2023-20244,CYBER SECURITY AFRICA,980000.0,Ethics and Anti-Corruption Commission,direct_procurement,High,Direct award method used — competitive bidding bypassed,Verify justification for direct award. Check approval authority.
ocds-5whusi-EAPCPLC/DP/1338/2024,Professional Machine Inspectors Ltd,900000.0,The East African Portland Cement Company,direct_procurement,High,Direct award method used — competitive bidding bypassed,Verify justification for direct award. Check approval authority.
ocds-5whusi-EBK/RFQ/DIR/02/2023-2024,MFI DOCUMENT SOLUTION,330000.27,Engineers Board of Kenya,direct_procurement,High,Direct award method used — competitive bidding bypassed,Verify justification for direct award. Check approval authority.
ocds-5whusi-EFAB/T/01/2023-2024,UNKNOWN,29206654.0,EQUALIZATION FUND,missing_supplier,High,Contract awarded with no supplier recorded — bypasses vendor accountability,Obtain supplier details from procuring entity. Escalate if unresolved.
ocds-5whusi-EMAIL-02.08.2024,CFAO Motors Kenya Ltd,362458.04,University of Nairobi Enterprises and Services,direct_procurement,High,Direct award method used — competitive bidding bypassed,Verify justification for direct award. Check approval authority.
ocds-5whusi-ENNDA/CONTR/012/2023-2024LOT18,UNKNOWN,140481880.0,Ewaso Ng'iro North Development Authority ,missing_supplier,High,Contract awarded with no supplier recorded — bypasses vendor accountability,Obtain supplier details from procuring entity. Escalate if unresolved.
ocds-5whusi-EU/DP/064/2023-2024,TECHWIN LIMITED,180000.0,Egerton University,direct_procurement,High,Direct award method used — competitive bidding bypassed,Verify justification for direct award. Check approval authority.
ocds-5whusi-EU/ONT/25/2023-2024,STARTERS INVESTMENTS LIMITED,88882284.67,Egerton University,normal,Low,ML model flagged as outlier — unusual pattern across multiple fields,Review contract file. Escalate if no clear explanation found.
ocds-5whusi-GCA/T/06/2023-2024,"1)	RAZMAK LIMITED, P.O BOX 8815-80100 MSA.",26929226.0,County Assembly Of Garissa,normal,Low,ML model flagged as outlier — unusual pattern across multiple fields,Review contract file. Escalate if no clear explanation found.
ocds-5whusi-GF ATM HIV GC7/DP04/2024-2025,"Guangzhou Wondfo Biotech Co., Ltd",11853093.2,Kenya Medical Supplies Authority,direct_procurement,High,Direct award method used — competitive bidding bypassed,Verify justification for direct award. Check approval authority.
ocds-5whusi-GF ATM HIV GC7/OIT04/2024-2025,HETERO LABS LIMITED,182224724.0,Kenya Medical Supplies Authority,normal,Low,ML model flagged as outlier — unusual pattern across multiple fields,Review contract file. Escalate if no clear explanation found.
ocds-5whusi-GFATMTBNFM-2023/2024DP02,UNKNOWN,75042696.3,Kenya Medical Supplies Authority,direct_procurement,High,Direct award method used — competitive bidding bypassed,Verify justification for direct award. Check approval authority.
ocds-5whusi-GMC/K/D/056/2023/2024,UNKNOWN,8916920.0,Makueni County Government,direct_procurement,High,Direct award method used — competitive bidding bypassed,Verify justification for direct award. Check approval authority.
ocds-5whusi-GMC/K/D/245/2023/2024,MILEVIEW COLLEGE OF CONTINUAL PROFESSIONAL DEVELOPMENT,149900.0,Makueni County Government,direct_procurement,High,Direct award method used — competitive bidding bypassed,Verify justification for direct award. Check approval authority.
ocds-5whusi-HELB/OT/10B/2023-2024,COMPUTER REVOLUTION AFRICA,107340293.67,Higher Education Loan Board,normal,Low,ML model flagged as outlier — unusual pattern across multiple fields,Review contract file. Escalate if no clear explanation found.
ocds-5whusi-JNTI/MAS/CABRO/021/001,UNKNOWN,6747680.0,JEREMIAH NYAGAH TECHNICAL INSTITUTE,missing_supplier,High,Contract awarded with no supplier recorded — bypasses vendor accountability,Obtain supplier details from procuring entity. Escalate if unresolved.
ocds-5whusi-JUD/RT/028/2023-2024,Villa Rosa Kempinski,3505000.0,The Judiciary,normal,Low,ML model flagged as outlier — unusual pattern across multiple fields,Review contract file. Escalate if no clear explanation found.
ocds-5whusi-KAA/DP/HQ/0197/2023-2024,UNKNOWN,28958574.0,Kenya Airport Authority,direct_procurement,High,Direct award method used — competitive bidding bypassed,Verify justification for direct award. Check approval authority.
ocds-5whusi-KAA/DP/MIA/0064/2023-2024,MAGENTA KENYA LTD,22050000.0,Kenya Airport Authority,direct_procurement,High,Direct award method used — competitive bidding bypassed,Verify justification for direct award. Check approval authority.
ocds-5whusi-KAA/DP/UKUNDA/0019/2024-2025,DICOM ENGINEERING LIMITED,38302323.67,Kenya Airport Authority,direct_procurement,High,Direct award method used — competitive bidding bypassed,Verify justification for direct award. Check approval authority.
ocds-5whusi-KAA/RT/ICT/0058/2023-2024,UNKNOWN,8256360.0,Kenya Airport Authority,missing_supplier,High,Contract awarded with no supplier recorded — bypasses vendor accountability,Obtain supplier details from procuring entity. Escalate if unresolved.
ocds-5whusi-KALRO/001/HQTS/2024-2025,Ismax Security Limited,149286960.0,Kenya Agricultural & Livestock Research Organization,normal,Low,ML model flagged as outlier — unusual pattern across multiple fields,Review contract file. Escalate if no clear explanation found.
ocds-5whusi-KALRO/007/HQTS/2024-2025,Liaison Group ,146281969.0,Kenya Agricultural & Livestock Research Organization,normal,Low,ML model flagged as outlier — unusual pattern across multiple fields,Review contract file. Escalate if no clear explanation found.
ocds-5whusi-KCG/KCDHSS/1493553-2/2023/2024,EPCO BUILDERS LIMITED,783687764.0,Kilifi County Government,normal,Low,ML model flagged as outlier — unusual pattern across multiple fields,Review contract file. Escalate if no clear explanation found.
ocds-5whusi-KE-CFGEU-408121-G0-RFB,CFAO Motors Kenya Ltd,26767179.0,The National Treasury,normal,Low,ML model flagged as outlier — unusual pattern across multiple fields,Review contract file. Escalate if no clear explanation found.
ocds-5whusi-KE-ICTA-441844-GO-RFB,Yabra Technologies Ltd,101697305.17,ICT Authority,normal,Low,ML model flagged as outlier — unusual pattern across multiple fields,Review contract file. Escalate if no clear explanation found.
ocds-5whusi-KE-ICTA-441845-GO-RFB,Nexttech Networks,28970226.6,ICT Authority,normal,Low,ML model flagged as outlier — unusual pattern across multiple fields,Review contract file. Escalate if no clear explanation found.
ocds-5whusi-KE-KWALECOUNTY-405086-CW-RFB,LENDA CONSTRUCTION COMPANY LIMITED,179235790.71,Kwale County Government,normal,Low,ML model flagged as outlier — unusual pattern across multiple fields,Review contract file. Escalate if no clear explanation found.
ocds-5whusi-KE-MOMBE&MA-KWL-2024-004-CW/MMBE&MA/SDBE&F/15/2023-2024,MASHIN CONSTRUCTION COMPANY LIMITED,378190808.23,"State Department for Fisheries, Aquaculture and the Blue Economy",normal,Low,ML model flagged as outlier — unusual pattern across multiple fields,Review contract file. Escalate if no clear explanation found.
ocds-5whusi-KE-MOMBE&MA-KWL-2024-005-CW/MMBE&MA/SDBE&F/16/2023-2024,GREYVOID ENGINEERING LTD,112697250.0,"State Department for Fisheries, Aquaculture and the Blue Economy",normal,Low,ML model flagged as outlier — unusual pattern across multiple fields,Review contract file. Escalate if no clear explanation found.
ocds-5whusi-KEMSA/DP19/2023-2024,Autosterile (E.A) Limited,13889050.0,Kenya Medical Supplies Authority,direct_procurement,High,Direct award method used — competitive bidding bypassed,Verify justification for direct award. Check approval authority.
ocds-5whusi-KeNHA/2821/2024,Ebenezer Commercial Works,1414020353.48,Kenya National Highway Authority,normal,Low,ML model flagged as outlier — unusual pattern across multiple fields,Review contract file. Escalate if no clear explanation found.
ocds-5whusi-KeNHA/2825/2024,Gokhan Technical Services,1326860937.05,Kenya National Highway Authority,normal,Low,ML model flagged as outlier — unusual pattern across multiple fields,Review contract file. Escalate if no clear explanation found.
ocds-5whusi-KeNHA/LV/58B/2024-2025,Al-hanan Investment company Limited,8642997.6,Kenya National Highway Authority,duplicate_invoice,Medium,Amount and vendor match another contract — possible duplicate payment,Cross-check payment records. Flag for recovery if duplicate paid.
ocds-5whusi-KeNHA/R1/282/2024,Amas Trading Company Limited,293540215.02,Kenya National Highway Authority,normal,Low,ML model flagged as outlier — unusual pattern across multiple fields,Review contract file. Escalate if no clear explanation found.
ocds-5whusi-KeNHA/R1/280/2024,Nyabikaye Communications Limited,165299748.28,Kenya National Highway Authority,normal,Low,ML model flagged as outlier — unusual pattern across multiple fields,Review contract file. Escalate if no clear explanation found.
ocds-5whusi-KeNHA/R1/287/2024,Milwise Company Limited,181400668.92,Kenya National Highway Authority,normal,Low,ML model flagged as outlier — unusual pattern across multiple fields,Review contract file. Escalate if no clear explanation found.
ocds-5whusi-KeNHA/R4/300/2024,M/s Fountain Construction Company Limited,324168913.88,Kenya National Highway Authority,normal,Low,ML model flagged as outlier — unusual pattern across multiple fields,Review contract file. Escalate if no clear explanation found.
ocds-5whusi-KeNHA/R4/304/2024,M/s Associated Electrical & Hardware Suppliers Ltd,316720207.92,Kenya National Highway Authority,normal,Low,ML model flagged as outlier — unusual pattern across multiple fields,Review contract file. Escalate if no clear explanation found.
ocds-5whusi-KeNHA/R4/311/2024,Mumtahaz Ltd 	,215678854.09,Kenya National Highway Authority,normal,Low,ML model flagged as outlier — unusual pattern across multiple fields,Review contract file. Escalate if no clear explanation found.
ocds-5whusi-KeNHA/R4/310/2024,M/s Matabi Ventures,79232130.57,Kenya National Highway Authority,normal,Low,ML model flagged as outlier — unusual pattern across multiple fields,Review contract file. Escalate if no clear explanation found.
ocds-5whusi-KeNHA/R9/142/2024,Lessken Investment Ltd	,120113168.69,Kenya National Highway Authority,normal,Low,ML model flagged as outlier — unusual pattern across multiple fields,Review contract file. Escalate if no clear explanation found.
ocds-5whusi-KeRRA/008/39/KAK/2-55-24/25 -04,BISLA COMPANY LIMITED,6829793.94,Kenya Rural Roads Authority ,normal,Low,ML model flagged as outlier — unusual pattern across multiple fields,Review contract file. Escalate if no clear explanation found.
ocds-5whusi-KeRRA/008/39/KAK/2-55-24/25-100,SAISA GROUP LIMITED,6816379.34,Kenya Rural Roads Authority ,normal,Low,ML model flagged as outlier — unusual pattern across multiple fields,Review contract file. Escalate if no clear explanation found.
ocds-5whusi-KeRRA/008/39/KAK/2-55-24/25 -133,MERCLET ENTERPRISES LIMITED,2987782.14,Kenya Rural Roads Authority ,after_hours_entry,Medium,Transaction posted outside business hours — unusual timing,Verify who posted and why. Check system access logs.
ocds-5whusi-KeRRA/008/39/KAK/2-55-24/25 -135,BRAWAVE BUILDING CONSTRUCTIONS LIMITED,5699235.12,Kenya Rural Roads Authority ,normal,Low,ML model flagged as outlier — unusual pattern across multiple fields,Review contract file. Escalate if no clear explanation found.
ocds-5whusi-KeRRA/008/39/KAK/2-55-24/25-71,APEXSTRIDE INVESTMENTS LIMITED,5944750.92,Kenya Rural Roads Authority ,normal,Low,ML model flagged as outlier — unusual pattern across multiple fields,Review contract file. Escalate if no clear explanation found.
ocds-5whusi-KeRRA/008/39/KAK/2-55-24/25-86,VALDOZA CONTRACTORS LIMITED,7044724.27,Kenya Rural Roads Authority ,normal,Low,ML model flagged as outlier — unusual pattern across multiple fields,Review contract file. Escalate if no clear explanation found.
ocds-5whusi-KeRRA/008/KAK/2-55-23|24-150,Almajo Holding Ltd,3826294.8,Kenya Rural Roads Authority ,normal,Low,ML model flagged as outlier — unusual pattern across multiple fields,Review contract file. Escalate if no clear explanation found.
ocds-5whusi-KeRRA/008/KAK/2-55-23|24-158,White Jewel Co. Ventures Ltd,4553580.93,Kenya Rural Roads Authority ,normal,Low,ML model flagged as outlier — unusual pattern across multiple fields,Review contract file. Escalate if no clear explanation found.
ocds-5whusi-KeRRA/008/KAK/2-55-23|24-166,Lireign Ltd,4601015.65,Kenya Rural Roads Authority ,after_hours_entry,Medium,Transaction posted outside business hours — unusual timing,Verify who posted and why. Check system access logs.
ocds-5whusi-KeRRA/008/KAK/2-55-23|24-169,Amon Ventures Ltd,6300371.1,Kenya Rural Roads Authority ,normal,Low,ML model flagged as outlier — unusual pattern across multiple fields,Review contract file. Escalate if no clear explanation found.
ocds-5whusi-KeRRA/008/MBT/39/054/2023-2024,Agargabo Enterprises Limited,4247787.76,Kenya Rural Roads Authority ,normal,Low,ML model flagged as outlier — unusual pattern across multiple fields,Review contract file. Escalate if no clear explanation found.
ocds-5whusi-KeRRA/008/MBT/39/058/2023-2024,Laranchi Construction Limited,7926686.0,Kenya Rural Roads Authority ,normal,Low,ML model flagged as outlier — unusual pattern across multiple fields,Review contract file. Escalate if no clear explanation found.
ocds-5whusi-KeRRA/008/MBT/39/108/2022-2023,Gerek  Limited,9698388.8,Kenya Rural Roads Authority ,normal,Low,ML model flagged as outlier — unusual pattern across multiple fields,Review contract file. Escalate if no clear explanation found.
ocds-5whusi-KeRRA/008/UG/39/23-24/111,BACKSLOPE ENG. LTD,3410110.0,Kenya Rural Roads Authority ,normal,Low,ML model flagged as outlier — unusual pattern across multiple fields,Review contract file. Escalate if no clear explanation found.
ocds-5whusi-KeRRA/008/UG/39/23-24/115,BRETAL LTD,3608336.6,Kenya Rural Roads Authority ,normal,Low,ML model flagged as outlier — unusual pattern across multiple fields,Review contract file. Escalate if no clear explanation found.
ocds-5whusi-KeRRA/008/UG/SOY/039/24-25/054,POCHACOM LTD,2618116.4,Kenya Rural Roads Authority ,normal,Low,ML model flagged as outlier — unusual pattern across multiple fields,Review contract file. Escalate if no clear explanation found.
ocds-5whusi-KeRRA/08/39/11/2023-24,Ebenezer Commercial Works Limited,419927876.4,Kenya Rural Roads Authority ,normal,Low,ML model flagged as outlier — unusual pattern across multiple fields,Review contract file. Escalate if no clear explanation found.
ocds-5whusi-KERRA/08/39/MDR/GOK/2023-2024-58,Allah Wakil Petroleum Limited.,6870190.0,Kenya Rural Roads Authority ,normal,Low,ML model flagged as outlier — unusual pattern across multiple fields,Review contract file. Escalate if no clear explanation found.
ocds-5whusi-KERRA/08/39/MDR/GOK/2023-2024-62,Tikita Agencies Limited.,6874740.0,Kenya Rural Roads Authority ,normal,Low,ML model flagged as outlier — unusual pattern across multiple fields,Review contract file. Escalate if no clear explanation found.
ocds-5whusi-KeRRA/08/GSA/39/049/2023-24.,UNKNOWN,9122820.0,Kenya Rural Roads Authority ,missing_supplier,High,Contract awarded with no supplier recorded — bypasses vendor accountability,Obtain supplier details from procuring entity. Escalate if unresolved.
ocds-5whusi-KeRRA/08/GSA/39/088/2022-23.,Mubarid Limited,5728950.0,Kenya Rural Roads Authority ,normal,Low,ML model flagged as outlier — unusual pattern across multiple fields,Review contract file. Escalate if no clear explanation found.
ocds-5whusi-KeRRA/08/KEMA/039/24/25/021,"Ristan Enterprises Limited
",9713041.04,Kenya Rural Roads Authority ,normal,Low,ML model flagged as outlier — unusual pattern across multiple fields,Review contract file. Escalate if no clear explanation found.
ocds-5whusi-KeRRA/08/KLF/39/022/2021-2022,Moodizo Enterprise Ltd,3642260.8,Kenya Rural Roads Authority ,normal,Low,ML model flagged as outlier — unusual pattern across multiple fields,Review contract file. Escalate if no clear explanation found.
ocds-5whusi-KeRRA/08/KLF/39/031/2021-2022,Bagamoyo Hardware Ltd,3135480.0,Kenya Rural Roads Authority ,normal,Low,ML model flagged as outlier — unusual pattern across multiple fields,Review contract file. Escalate if no clear explanation found.
ocds-5whusi-KeRRA/08/KLF/39/042/2021-2022,ABIJACA COVENANT LTD,4107096.0,Kenya Rural Roads Authority ,normal,Low,ML model flagged as outlier — unusual pattern across multiple fields,Review contract file. Escalate if no clear explanation found.
ocds-5whusi-KeRRA/08/KLF/39/-24/25-004,Triwan Enterprises Ltd,3539061.4,Kenya Rural Roads Authority ,normal,Low,ML model flagged as outlier — unusual pattern across multiple fields,Review contract file. Escalate if no clear explanation found.
ocds-5whusi-KeRRA/08/KLF/39/-24/25-015,Simuthi Enterprises Ltd,3312149.55,Kenya Rural Roads Authority ,normal,Low,ML model flagged as outlier — unusual pattern across multiple fields,Review contract file. Escalate if no clear explanation found.
ocds-5whusi-KeRRA/08/KLF/39/-24/25-013,Robon Enterprises Ltd,3238728.53,Kenya Rural Roads Authority ,normal,Low,ML model flagged as outlier — unusual pattern across multiple fields,Review contract file. Escalate if no clear explanation found.
ocds-5whusi-KeRRA/08/KLF/39/-24/25-041,Bright Win Ltd,3492097.48,Kenya Rural Roads Authority ,normal,Low,ML model flagged as outlier — unusual pattern across multiple fields,Review contract file. Escalate if no clear explanation found.
ocds-5whusi-KeRRA/08/KLF/39/-24/25-073,Visdama Enterprises Ltd,3359555.56,Kenya Rural Roads Authority ,normal,Low,ML model flagged as outlier — unusual pattern across multiple fields,Review contract file. Escalate if no clear explanation found.
ocds-5whusi-KeRRA/08/KLF/39/-24/25-082,Kimba Technical Services Ltd,3594758.1,Kenya Rural Roads Authority ,normal,Low,ML model flagged as outlier — unusual pattern across multiple fields,Review contract file. Escalate if no clear explanation found.
ocds-5whusi-KeRRA/08/MDR/39/-24/25-11,Sukela Investment Ltd,8986296.98,Kenya Rural Roads Authority ,normal,Low,ML model flagged as outlier — unusual pattern across multiple fields,Review contract file. Escalate if no clear explanation found.
ocds-5whusi-KeRRA/08/MDR/39/-24/25-16,Kazani General Suppliers Co Limited.,7811867.7,Kenya Rural Roads Authority ,normal,Low,ML model flagged as outlier — unusual pattern across multiple fields,Review contract file. Escalate if no clear explanation found.
ocds-5whusi-KeRRA/08/MDR/39/-24/25-26,Tikita Agencies Limited,9908199.97,Kenya Rural Roads Authority ,normal,Low,ML model flagged as outlier — unusual pattern across multiple fields,Review contract file. Escalate if no clear explanation found.
ocds-5whusi-KeRRA/08/NKU/039/081/24/25,Mumannest Ent Ltd,7098469.5,Kenya Rural Roads Authority ,normal,Low,ML model flagged as outlier — unusual pattern across multiple fields,Review contract file. Escalate if no clear explanation found.
ocds-5whusi-KeRRA/08/NRK/039/052/24|25,Rarinah Company Ltd,4393042.72,Kenya Rural Roads Authority ,normal,Low,ML model flagged as outlier — unusual pattern across multiple fields,Review contract file. Escalate if no clear explanation found.
ocds-5whusi-KeRRA/08/NYA/GOK -SAV/KIN/39/195/2022-2023,Safenet Solutions Limited,8991811.78,Kenya Rural Roads Authority ,normal,Low,ML model flagged as outlier — unusual pattern across multiple fields,Review contract file. Escalate if no clear explanation found.
ocds-5whusi-KeRRA-08-SYA-39-2-49-2620-23|24,Berobran Investment Limited,7748270.0,Kenya Rural Roads Authority ,normal,Low,ML model flagged as outlier — unusual pattern across multiple fields,Review contract file. Escalate if no clear explanation found.
ocds-5whusi-KeRRA-08-SYA-39-2-49-2632-23|24,M/s Gamoco Ventures Ltd,8587466.14,Kenya Rural Roads Authority ,normal,Low,ML model flagged as outlier — unusual pattern across multiple fields,Review contract file. Escalate if no clear explanation found.
ocds-5whusi-KeRRA-08-SYA-39-2-49-2640-23|24,Ugege Logistics Limited,8695137.34,Kenya Rural Roads Authority ,normal,Low,ML model flagged as outlier — unusual pattern across multiple fields,Review contract file. Escalate if no clear explanation found.
ocds-5whusi-KeRRA/08/TTVT/39/045/2023-2024,ANNCHA ENTERPRISES,6726097.6,Kenya Rural Roads Authority ,normal,Low,ML model flagged as outlier — unusual pattern across multiple fields,Review contract file. Escalate if no clear explanation found.
ocds-5whusi-KeRRA/08/TTVT/39/053/2023-2024,WINCAP LIMITED,6785335.9,Kenya Rural Roads Authority ,normal,Low,ML model flagged as outlier — unusual pattern across multiple fields,Review contract file. Escalate if no clear explanation found.
ocds-5whusi-KeRRA/15/MKN/39/069/AIA/2023-2024,Kinzio Construction Ltd,5697456.0,Kenya Rural Roads Authority ,normal,Low,ML model flagged as outlier — unusual pattern across multiple fields,Review contract file. Escalate if no clear explanation found.
ocds-5whusi-KeRRA/KLF/08/39/112/2023-2024,Alhiki Logistics Ltd,2341529.6,Kenya Rural Roads Authority ,normal,Low,ML model flagged as outlier — unusual pattern across multiple fields,Review contract file. Escalate if no clear explanation found.
ocds-5whusi-KeRRA/KLF/08/39/114/2023-2024,Homaki Holdings Ltd,5031790.0,Kenya Rural Roads Authority ,normal,Low,ML model flagged as outlier — unusual pattern across multiple fields,Review contract file. Escalate if no clear explanation found.
ocds-5whusi-KeRRA/KLF/08/39/117/2023-2024,Robon Enterprises Ltd,4640348.0,Kenya Rural Roads Authority ,normal,Low,ML model flagged as outlier — unusual pattern across multiple fields,Review contract file. Escalate if no clear explanation found.
ocds-5whusi-KeRRA/KLF/08/39/121/2023-2024,Vicones Engineering Ltd,2779012.0,Kenya Rural Roads Authority ,normal,Low,ML model flagged as outlier — unusual pattern across multiple fields,Review contract file. Escalate if no clear explanation found.
ocds-5whusi-KeRRA/KLF/08/39/131/2023-2024,Shianjay Ruchbay Ltd,2537326.0,Kenya Rural Roads Authority ,normal,Low,ML model flagged as outlier — unusual pattern across multiple fields,Review contract file. Escalate if no clear explanation found.
ocds-5whusi-KeRRA/KLF/08/39/133/2023-2024,Cubevo Mars Ltd,3594045.4,Kenya Rural Roads Authority ,normal,Low,ML model flagged as outlier — unusual pattern across multiple fields,Review contract file. Escalate if no clear explanation found.
ocds-5whusi-KeRRA/MDR/08/39/70/23-24,Akmal general supplies Limited.,8506512.0,Kenya Rural Roads Authority ,normal,Low,ML model flagged as outlier — unusual pattern across multiple fields,Review contract file. Escalate if no clear explanation found.
ocds-5whusi-KeRRA/MDR/08/39/76/23-24,Tasnim Investment  Limited,8388888.0,Kenya Rural Roads Authority ,normal,Low,ML model flagged as outlier — unusual pattern across multiple fields,Review contract file. Escalate if no clear explanation found.
ocds-5whusi-KeRRA/MRU/08/39/144/2-24-23|24-144,ndamuka trading co. ltd,4001826.0,Kenya Rural Roads Authority ,normal,Low,ML model flagged as outlier — unusual pattern across multiple fields,Review contract file. Escalate if no clear explanation found.
ocds-5whusi-KeRRA/MRU/08/39/148/2-24-23|24-148,JOLYKAMU COMPANY LIMITED,6296364.0,Kenya Rural Roads Authority ,normal,Low,ML model flagged as outlier — unusual pattern across multiple fields,Review contract file. Escalate if no clear explanation found.
ocds-5whusi-KeRRA/TNZ/008/39/074/2023/2024,Techsons ent. Ltd,6457198.0,Kenya Rural Roads Authority ,normal,Low,ML model flagged as outlier — unusual pattern across multiple fields,Review contract file. Escalate if no clear explanation found.
ocds-5whusi-KeRRA/TNZ/008/39/076/2023/2024,Ambsky Supplies,3805304.0,Kenya Rural Roads Authority ,normal,Low,ML model flagged as outlier — unusual pattern across multiple fields,Review contract file. Escalate if no clear explanation found.
ocds-5whusi-KeRRA/TNZ/008/39/081/2023/2024,Softmark Developers Ltd,7336884.0,Kenya Rural Roads Authority ,normal,Low,ML model flagged as outlier — unusual pattern across multiple fields,Review contract file. Escalate if no clear explanation found.
ocds-5whusi-KeRRA/TNZ/008/39/091/2023-2024,Lancone Investment Limited,7348507.0,Kenya Rural Roads Authority ,normal,Low,ML model flagged as outlier — unusual pattern across multiple fields,Review contract file. Escalate if no clear explanation found.
ocds-5whusi-KE-TransNzoiaCounty-399514-CW-RFB,SIHAAM LIMITED,940358829.0,Trans Nzoia County Government,normal,Low,ML model flagged as outlier — unusual pattern across multiple fields,Review contract file. Escalate if no clear explanation found.
ocds-5whusi-KICD/FC/1/2024-2025,DORITEX,1194755175.0,Kenya Institute of Curriculum Development,normal,Low,ML model flagged as outlier — unusual pattern across multiple fields,Review contract file. Escalate if no clear explanation found.
ocds-5whusi-KICD/FC/1/2024-2025,MOUNTAINTOP,996954563.0,Kenya Institute of Curriculum Development,normal,Low,ML model flagged as outlier — unusual pattern across multiple fields,Review contract file. Escalate if no clear explanation found.
ocds-5whusi-KICD/FC/1/2024-2025,LONGHORN,213888600.0,Kenya Institute of Curriculum Development,normal,Low,ML model flagged as outlier — unusual pattern across multiple fields,Review contract file. Escalate if no clear explanation found.
ocds-5whusi-KICD/FC/1/2024-2025,HUMMINGBIRD,902468450.0,Kenya Institute of Curriculum Development,normal,Low,ML model flagged as outlier — unusual pattern across multiple fields,Review contract file. Escalate if no clear explanation found.
ocds-5whusi-KICD/FC/1/2024-2025,HIGHLAND,526401534.0,Kenya Institute of Curriculum Development,normal,Low,ML model flagged as outlier — unusual pattern across multiple fields,Review contract file. Escalate if no clear explanation found.
ocds-5whusi-KICD/FC/1/2024-2025,EAEP,752538314.0,Kenya Institute of Curriculum Development,normal,Low,ML model flagged as outlier — unusual pattern across multiple fields,Review contract file. Escalate if no clear explanation found.
ocds-5whusi-KMA/DP/03/2024-2025,MFI DOCUMENT SOLUTION LTD,1623884.0,Kenya Maritime Authority,direct_procurement,High,Direct award method used — competitive bidding bypassed,Verify justification for direct award. Check approval authority.
ocds-5whusi-KMA/DP/2022/2024-2025,MFI DOCUMENT SOLUTIONS LIMITED,52200.0,Kenya Maritime Authority,direct_procurement,High,Direct award method used — competitive bidding bypassed,Verify justification for direct award. Check approval authority.
ocds-5whusi-KP1/9A.2/DT/018/IA/23-24,Azmasoft Consulting Limited,10420328.81,Kenya Power & Lighting Company,direct_procurement,High,Direct award method used — competitive bidding bypassed,Verify justification for direct award. Check approval authority.
ocds-5whusi-KP1/9A.2/DT/052/CC/23-24,The Standard Group PLC,5220000.0,Kenya Power & Lighting Company,direct_procurement,High,Direct award method used — competitive bidding bypassed,Verify justification for direct award. Check approval authority.
ocds-5whusi-KP1/9A.2/OT/004/ICT/24-25,Tritel Technologies Ltd,316814733.59,Kenya Power & Lighting Company,normal,Low,ML model flagged as outlier — unusual pattern across multiple fields,Review contract file. Escalate if no clear explanation found.
ocds-5whusi-KP1/9A.2/OT/004/ICT/24-25,Com Twenty One Limited,195774499.2,Kenya Power & Lighting Company,normal,Low,ML model flagged as outlier — unusual pattern across multiple fields,Review contract file. Escalate if no clear explanation found.
ocds-5whusi-KP1/9A.2/OT/004/ICT/24-25,Yabra Technologies Limited,67086802.25,Kenya Power & Lighting Company,normal,Low,ML model flagged as outlier — unusual pattern across multiple fields,Review contract file. Escalate if no clear explanation found.
ocds-5whusi-KP1/9A.2/OT/046/ICT/20-21,DETRIX COMMUNICATIONS LTD,104243000.0,Kenya Power & Lighting Company,normal,Low,ML model flagged as outlier — unusual pattern across multiple fields,Review contract file. Escalate if no clear explanation found.
ocds-5whusi-KP1/9A.2/OT/065/CS/23-24,Firm Bridge Limited,9860000.0,Kenya Power & Lighting Company,after_hours_entry,Medium,Transaction posted outside business hours — unusual timing,Verify who posted and why. Check system access logs.
ocds-5whusi-KP1/9A.2/OT/093/ICT/23-24,SASAIT LIMITED,278977816.88,Kenya Power & Lighting Company,normal,Low,ML model flagged as outlier — unusual pattern across multiple fields,Review contract file. Escalate if no clear explanation found.
ocds-5whusi-KP1/9A.3/DT/08/23-24,HEXING TECHNOLOGY COMPANY LIMITED,15967378.19,Kenya Power & Lighting Company,direct_procurement,High,Direct award method used — competitive bidding bypassed,Verify justification for direct award. Check approval authority.
ocds-5whusi-KP1/9A.3/OT/18/FA/21-22,BUDUL INVESTMENT LIMITED,4501093.43,Kenya Power & Lighting Company,after_hours_entry,Medium,Transaction posted outside business hours — unusual timing,Verify who posted and why. Check system access logs.
ocds-5whusi-KP1/9A.3/RT/21/23-24,ADCC International East Africa Limited,3832152.8,Kenya Power & Lighting Company,normal,Low,ML model flagged as outlier — unusual pattern across multiple fields,Review contract file. Escalate if no clear explanation found.
ocds-5whusi-KPA/001/2024-25/PDM,UNKNOWN,8344521662.93,Kenya Ports Authority,missing_supplier,High,Contract awarded with no supplier recorded — bypasses vendor accountability,Obtain supplier details from procuring entity. Escalate if unresolved.
ocds-5whusi-KPA/003/2023-24/ME,UNKNOWN,14616000.0,Kenya Ports Authority,missing_supplier,High,Contract awarded with no supplier recorded — bypasses vendor accountability,Obtain supplier details from procuring entity. Escalate if unresolved.
ocds-5whusi-KPA/005/2024-25/ICT,MILLENIUM SOLUTIONS E.A LIMITED,290523810.08,Kenya Ports Authority,normal,Low,ML model flagged as outlier — unusual pattern across multiple fields,Review contract file. Escalate if no clear explanation found.
ocds-5whusi-KPA/007/2024-25/TE,M/S ZPOJAWO CONSULTING ENGINEERS,361766589.93,Kenya Ports Authority,direct_procurement,High,Direct award method used — competitive bidding bypassed,Verify justification for direct award. Check approval authority.
ocds-5whusi-KPA/011/2023-24/HSE,UNIAH VENTURES LIMITED,4459491.0,Kenya Ports Authority,direct_procurement,High,Direct award method used — competitive bidding bypassed,Verify justification for direct award. Check approval authority.
ocds-5whusi-KPA/175/2023-24/CE,DIATOM INTERNATIONAL LTD,68917920.0,Kenya Ports Authority,normal,Low,ML model flagged as outlier — unusual pattern across multiple fields,Review contract file. Escalate if no clear explanation found.
ocds-5whusi-KPA/189/2023-24/TE,AEHS INTERNATIONAL LTD,0.0,Kenya Ports Authority,direct_procurement,High,Direct award method used — competitive bidding bypassed,Verify justification for direct award. Check approval authority.
ocds-5whusi-KPA/194/2023-24/TE,POWER PARTS KENYA LTD,17928283.26,Kenya Ports Authority,direct_procurement,High,Direct award method used — competitive bidding bypassed,Verify justification for direct award. Check approval authority.
ocds-5whusi-KPA/204/2023-24/TE,FIREFOX KENYA LTD,94634249.0,Kenya Ports Authority,direct_procurement,High,Direct award method used — competitive bidding bypassed,Verify justification for direct award. Check approval authority.
ocds-5whusi-KPA/209/2023-24/TE,POWER PARTS (K) LTD,0.0,Kenya Ports Authority,direct_procurement,High,Direct award method used — competitive bidding bypassed,Verify justification for direct award. Check approval authority.
ocds-5whusi-KPA/223/2023-24/ME,ECO BRAINS CONTRACTORS LIMITED,50515160.25,Kenya Ports Authority,direct_procurement,High,Direct award method used — competitive bidding bypassed,Verify justification for direct award. Check approval authority.
ocds-5whusi-KPA/230/2023-24/ME,KENYA SHIPYARDS LIMITED,43225759.59,Kenya Ports Authority,direct_procurement,High,Direct award method used — competitive bidding bypassed,Verify justification for direct award. Check approval authority.
ocds-5whusi-KPA/236/2023-24/ME,MANTRAC KENYA  LIMITED,7494594.76,Kenya Ports Authority,direct_procurement,High,Direct award method used — competitive bidding bypassed,Verify justification for direct award. Check approval authority.
ocds-5whusi-KPA/240/2023-24/GMES,BLUCON INDUSTRIAL SUPPLIES LTD,0.0,Kenya Ports Authority,direct_procurement,High,Direct award method used — competitive bidding bypassed,Verify justification for direct award. Check approval authority.
ocds-5whusi-KPA/241/2023-24/TE,STINIS SINGAPORE LIMITED,151032906.0,Kenya Ports Authority,direct_procurement,High,Direct award method used — competitive bidding bypassed,Verify justification for direct award. Check approval authority.
ocds-5whusi-KPA/249/2023-24/ME,KENYA SHIPYARDS LIMITED,695553117.93,Kenya Ports Authority,direct_procurement,High,Direct award method used — competitive bidding bypassed,Verify justification for direct award. Check approval authority.
ocds-5whusi-KPA/260/2023-2024,Manacon Construction Co.Limited,24056660.0,Kenya Ports Authority,normal,Low,ML model flagged as outlier — unusual pattern across multiple fields,Review contract file. Escalate if no clear explanation found.
ocds-5whusi-KPA/293/2023-24/CCE,TRADECON MSA LIMITED,0.0,Kenya Ports Authority,direct_procurement,High,Direct award method used — competitive bidding bypassed,Verify justification for direct award. Check approval authority.
ocds-5whusi-KPA/296/2023-24/CCE,ALOOTEK SYSTEMS LIMITED,39476681.25,Kenya Ports Authority,normal,Low,ML model flagged as outlier — unusual pattern across multiple fields,Review contract file. Escalate if no clear explanation found.
ocds-5whusi-KPA/296/2023-24/CCE,ALOOTEK SYSTEMS LIMITED,39716852.78,Kenya Ports Authority,normal,Low,ML model flagged as outlier — unusual pattern across multiple fields,Review contract file. Escalate if no clear explanation found.
ocds-5whusi-KPA/343/2023/24,KULKIM CONNECTION ENTERPRISES LIMITED,12943579.54,Kenya Ports Authority,direct_procurement,High,Direct award method used — competitive bidding bypassed,Verify justification for direct award. Check approval authority.
ocds-5whusi-KPC/PU/DP/212(ICT)NBI/23-24,UNKNOWN,4612480.29,Kenya Pipeline Company,direct_procurement,High,Direct award method used — competitive bidding bypassed,Verify justification for direct award. Check approval authority.
ocds-5whusi-KPC/PU/OT-065/CORR/NBI/23-24RE-TENDER,Damey Construction Company Ltd ,405328902.08,Kenya Pipeline Company,normal,Low,ML model flagged as outlier — unusual pattern across multiple fields,Review contract file. Escalate if no clear explanation found.
ocds-5whusi-KPC/PU/OT–067/I&C/NBI/23-24.,Jiragi Enterprises Ltd,164540241.72,Kenya Pipeline Company,normal,Low,ML model flagged as outlier — unusual pattern across multiple fields,Review contract file. Escalate if no clear explanation found.
ocds-5whusi-KPC/PU/OT – 072/ICT/NBI/24 - 25,BARAN TELECOM NETWORKS K.LIMITED-LOT 2,544648909.0,Kenya Pipeline Company,normal,Low,ML model flagged as outlier — unusual pattern across multiple fields,Review contract file. Escalate if no clear explanation found.
ocds-5whusi-KPC/PU/OT – 072/ICT/NBI/24 - 25,BARAN TELECOM NETWORKS K.LIMITED-LOT 2,149543181.76,Kenya Pipeline Company,normal,Low,ML model flagged as outlier — unusual pattern across multiple fields,Review contract file. Escalate if no clear explanation found.
ocds-5whusi-KPC//PU/RT/084(CC)NBI/23-24,HAYWARD AGENCIES LIMITED,4831400.0,Kenya Pipeline Company,normal,Low,ML model flagged as outlier — unusual pattern across multiple fields,Review contract file. Escalate if no clear explanation found.
ocds-5whusi-KPRL/DP/023.038/2023-2024,UNISYS COMPUTER SYSTEMS,484077.28,Kenya Petroleum Refineries Limited,direct_procurement,High,Direct award method used — competitive bidding bypassed,Verify justification for direct award. Check approval authority.
ocds-5whusi-KRA/HQS/DP-002/2024-2025,Schindler Limited,9000000.0,Kenya Revenue Authority,direct_procurement,High,Direct award method used — competitive bidding bypassed,Verify justification for direct award. Check approval authority.
ocds-5whusi-KRA/HQS/DP-008/2024-2025,Nation Media Group Limited,17701920.3,Kenya Revenue Authority,direct_procurement,High,Direct award method used — competitive bidding bypassed,Verify justification for direct award. Check approval authority.
ocds-5whusi-KRA/HQS/DP-013/2024-2025,Colnet Limited,30119786.11,Kenya Revenue Authority,direct_procurement,High,Direct award method used — competitive bidding bypassed,Verify justification for direct award. Check approval authority.
ocds-5whusi-KRA/HQS/DP-017/2021-2022,UNKNOWN,5849988.57,Kenya Revenue Authority,direct_procurement,High,Direct award method used — competitive bidding bypassed,Verify justification for direct award. Check approval authority.
ocds-5whusi-KRA/HQS/DP-026/2023-2024,Kenya Shipyards Limited,12000000.0,Kenya Revenue Authority,direct_procurement,High,Direct award method used — competitive bidding bypassed,Verify justification for direct award. Check approval authority.
ocds-5whusi-KRA/HQS/DP-047/2023-2024,UNKNOWN,8859923.4,Kenya Revenue Authority,direct_procurement,High,Direct award method used — competitive bidding bypassed,Verify justification for direct award. Check approval authority.
ocds-5whusi-KRA/HQS/DP-051/2023-2024,UNKNOWN,15679293.12,Kenya Revenue Authority,direct_procurement,High,Direct award method used — competitive bidding bypassed,Verify justification for direct award. Check approval authority.
ocds-5whusi-KRA/HQS/DP-056/2023-2024,IT Services & Project Management Associates Limited,16664736.91,Kenya Revenue Authority,direct_procurement,High,Direct award method used — competitive bidding bypassed,Verify justification for direct award. Check approval authority.
ocds-5whusi-KRA/HQS/NCB-003/2024-2025,SYBYL KENYA LIMITED,348651316.88,Kenya Revenue Authority,normal,Low,ML model flagged as outlier — unusual pattern across multiple fields,Review contract file. Escalate if no clear explanation found.
ocds-5whusi-KRA/HQS/NCB-007/2024-2025,Xerode Civil and Building Contractors Limited,117943560.01,Kenya Revenue Authority,normal,Low,ML model flagged as outlier — unusual pattern across multiple fields,Review contract file. Escalate if no clear explanation found.
ocds-5whusi-KRA/HQS/NCB-043/2023-2024,Sybyl Kenya Limited,153640779.91,Kenya Revenue Authority,normal,Low,ML model flagged as outlier — unusual pattern across multiple fields,Review contract file. Escalate if no clear explanation found.
ocds-5whusi-KRA/HQS/NCB-104/2022-2023,Petma Restaurant Limited,162770000.0,Kenya Revenue Authority,normal,Low,ML model flagged as outlier — unusual pattern across multiple fields,Review contract file. Escalate if no clear explanation found.
ocds-5whusi-KRA/HQS/RFP-042/2023-2024,Safcom Technologies,1185760793.0,Kenya Revenue Authority,normal,Low,ML model flagged as outlier — unusual pattern across multiple fields,Review contract file. Escalate if no clear explanation found.
ocds-5whusi-KR/SCM/038/2023-2024,AWAD AUTO LIMITED,23050000.0,Kenya Railways ,normal,Low,ML model flagged as outlier — unusual pattern across multiple fields,Review contract file. Escalate if no clear explanation found.
ocds-5whusi-KR/SCM/087/2023-2024,M/S LINE ENTERPRISES COMPANY LIMITED,29311489.0,Kenya Railways ,normal,Low,ML model flagged as outlier — unusual pattern across multiple fields,Review contract file. Escalate if no clear explanation found.
ocds-5whusi-KR/SCM/DPR/030/2023-2024,UNKNOWN,23940000.0,Kenya Railways ,direct_procurement,High,Direct award method used — competitive bidding bypassed,Verify justification for direct award. Check approval authority.
ocds-5whusi-KURA/RFQ/LE/003/2024-2025,Thika Motor Dealers (K) Ltd (Machakos),49139.0,Kenya Urban Roads Authority,direct_procurement,High,Direct award method used — competitive bidding bypassed,Verify justification for direct award. Check approval authority.
ocds-5whusi-KURA/RMLF/COR/206 /2024-2025,Astur Limited,36775219.0,Kenya Urban Roads Authority,normal,Low,ML model flagged as outlier — unusual pattern across multiple fields,Review contract file. Escalate if no clear explanation found.
ocds-5whusi-KVDA/T/65/2023-2024,Benir Company Limited,41000905.0,KERIO VALLEY DEVELOPMENT AUTHORITY (KVDA),normal,Low,ML model flagged as outlier — unusual pattern across multiple fields,Review contract file. Escalate if no clear explanation found.
ocds-5whusi-KWS/RT/B&F/88/2023-2024,UNKNOWN,14320208.7,Kenya Wildlife Service,missing_supplier,High,Contract awarded with no supplier recorded — bypasses vendor accountability,Obtain supplier details from procuring entity. Escalate if unresolved.
ocds-5whusi-KWS/RT/LEA/102/2023-2024,BARAKA GAS LIMITED,11277172.0,Kenya Wildlife Service,normal,Low,ML model flagged as outlier — unusual pattern across multiple fields,Review contract file. Escalate if no clear explanation found.
ocds-5whusi-LBDA/RT02/2023/2024,Cotiah Enterprises Ltd,25032575.0,Lake Basin Development Authority,normal,Low,ML model flagged as outlier — unusual pattern across multiple fields,Review contract file. Escalate if no clear explanation found.
ocds-5whusi-LBDA/RT/05/2023/2024LOT3,HBO Contractors Ltd,30570594.0,Lake Basin Development Authority,normal,Low,ML model flagged as outlier — unusual pattern across multiple fields,Review contract file. Escalate if no clear explanation found.
ocds-5whusi-MCA/OT/01/2023/2024,"saarma general construction and supplies ltd of P.o Box 515-70300,Mandera",170498000.0,County Assembly Of Mandera,normal,Low,ML model flagged as outlier — unusual pattern across multiple fields,Review contract file. Escalate if no clear explanation found.
ocds-5whusi-MCG/180/2023-2024,SAFARICOM PLC,49531628.0,Murang'a County Government,direct_procurement,High,Direct award method used — competitive bidding bypassed,Verify justification for direct award. Check approval authority.
ocds-5whusi-MCG/508/2024/2025,Bekath Limited,5448175.0,Murang'a County Government,normal,Low,ML model flagged as outlier — unusual pattern across multiple fields,Review contract file. Escalate if no clear explanation found.
ocds-5whusi-MCG/OT/055/2023-2024,UNKNOWN,199999879.0,Mandera County Government,missing_supplier,High,Contract awarded with no supplier recorded — bypasses vendor accountability,Obtain supplier details from procuring entity. Escalate if unresolved.
ocds-5whusi-MCG/QTN/EF/017/2024-2025,ASFIA INVESTMENT LIMITED,4998000.0,Mandera County Government,normal,Low,ML model flagged as outlier — unusual pattern across multiple fields,Review contract file. Escalate if no clear explanation found.
ocds-5whusi-MECCF/SDF/01/2023-2024,UNKNOWN,26999824.0,STATE DEPARTMENT FOR FORESTRY,missing_supplier,High,Contract awarded with no supplier recorded — bypasses vendor accountability,Obtain supplier details from procuring entity. Escalate if unresolved.
ocds-5whusi-MOE/SDBE/RT/01/2024-2025,Fortune Bestbuys Africa Limited,16471000.0,Early Learning & Basic Education,normal,Low,ML model flagged as outlier — unusual pattern across multiple fields,Review contract file. Escalate if no clear explanation found.
ocds-5whusi-MOE/SDELBE/01/2021-2022,UNKNOWN,3102056.0,Early Learning & Basic Education,direct_procurement,High,Direct award method used — competitive bidding bypassed,Verify justification for direct award. Check approval authority.
ocds-5whusi-MTRH/T/19/2024-2025,APSOLID SOLUTION,64194700.0,Moi Teaching and Referral Hostipal,normal,Low,ML model flagged as outlier — unusual pattern across multiple fields,Review contract file. Escalate if no clear explanation found.
ocds-5whusi-MTRH/T/20/2024-2025,SCORTIS EAST AFRICA LIMITED,132575000.0,Moi Teaching and Referral Hostipal,normal,Low,ML model flagged as outlier — unusual pattern across multiple fields,Review contract file. Escalate if no clear explanation found.
ocds-5whusi-MTRH/T/20/2024-2025,SURGIPHARM LIMITED,253460157.7,Moi Teaching and Referral Hostipal,normal,Low,ML model flagged as outlier — unusual pattern across multiple fields,Review contract file. Escalate if no clear explanation found.
ocds-5whusi-MTRH/T/20/2024-2025,ARTHROSOURCE LIMITED,38300000.0,Moi Teaching and Referral Hostipal,normal,Low,ML model flagged as outlier — unusual pattern across multiple fields,Review contract file. Escalate if no clear explanation found.
ocds-5whusi-MUT/T 05/ HB PH1 W2/2023-2024,Corban Construction limited,4051958.0,Murang’a University of Technology,direct_procurement,High,Direct award method used — competitive bidding bypassed,Verify justification for direct award. Check approval authority.
ocds-5whusi-NCA/T/024/2023-2024,AAR Insurance,81037912.0,National Construction Authority,normal,Low,ML model flagged as outlier — unusual pattern across multiple fields,Review contract file. Escalate if no clear explanation found.
ocds-5whusi-NCC/HWN /T/157/2024/2025,AYTECH GENERAL SUPPLIES LIMITED,29982050.0,Nairobi County Government,normal,Low,ML model flagged as outlier — unusual pattern across multiple fields,Review contract file. Escalate if no clear explanation found.
ocds-5whusi-NCG/OT/027/2024-2025,OLOONKERIN LTD,196470760.35,Narok County Government,normal,Low,ML model flagged as outlier — unusual pattern across multiple fields,Review contract file. Escalate if no clear explanation found.
ocds-5whusi-NCG/OT/038/2022-2023,devine construction ltd,59811168.6,Narok County Government,normal,Low,ML model flagged as outlier — unusual pattern across multiple fields,Review contract file. Escalate if no clear explanation found.
ocds-5whusi-NCG/RT/017/2022-2023,UNKNOWN,26874540.0,Narok County Government,missing_supplier,High,Contract awarded with no supplier recorded — bypasses vendor accountability,Obtain supplier details from procuring entity. Escalate if unresolved.
ocds-5whusi-NCG/RT/020/2022-2023,SUBBASE LIMITED,8958680.0,Narok County Government,normal,Low,ML model flagged as outlier — unusual pattern across multiple fields,Review contract file. Escalate if no clear explanation found.
ocds-5whusi-NCG/RT/023/2022-2023,SARO HOLDINGS LIMITED,22305200.0,Narok County Government,normal,Low,ML model flagged as outlier — unusual pattern across multiple fields,Review contract file. Escalate if no clear explanation found.
ocds-5whusi-NCPB/ICT/BREP/NEG/2024 – 2025,DYNASOFT BUSINESS SOLUTIONS LIMITED,10642034.0,National Cereals and Produce Board,direct_procurement,High,Direct award method used — competitive bidding bypassed,Verify justification for direct award. Check approval authority.
ocds-5whusi-NDMA/30/2023-2024,UNKNOWN,34911231.52,National Drought Management Authority,missing_supplier,High,Contract awarded with no supplier recorded — bypasses vendor accountability,Obtain supplier details from procuring entity. Escalate if unresolved.
ocds-5whusi-NDMA/RT/06/2023-2024,Lodwar Hills Hardware & Construction Company Limited P.O Box 583 Lodwar ,6600140.0,National Drought Management Authority,normal,Low,ML model flagged as outlier — unusual pattern across multiple fields,Review contract file. Escalate if no clear explanation found.
ocds-5whusi-Negotiation Number 1660221-2-2024-2025,CHIKHABE BUSINESS ENTERPRISE,1492100.0,Bungoma County Government,normal,Low,ML model flagged as outlier — unusual pattern across multiple fields,Review contract file. Escalate if no clear explanation found.
ocds-5whusi-NHC/TECH/CHW/023/2022-2023,Quest Civil Engineers Ltd,498751949.75,National Housing Corporation,normal,Low,ML model flagged as outlier — unusual pattern across multiple fields,Review contract file. Escalate if no clear explanation found.
ocds-5whusi-NMC/RFQ/217/2024,Bresh Limited,65705068.0,Numerical Machining Complex Limited,normal,Low,ML model flagged as outlier — unusual pattern across multiple fields,Review contract file. Escalate if no clear explanation found.
ocds-5whusi-NMK/T/13/EMA SERVICES/24-26,INTER MANAGEMENT GROUP (K) LIMITED,158124000.0,National Museums of Kenya,normal,Low,ML model flagged as outlier — unusual pattern across multiple fields,Review contract file. Escalate if no clear explanation found.
ocds-5whusi-NOCK/PRC/03(1697)2022/23,CGG Electromagnetics (Italy) SRL,24921978.96,National Oil Corporation Of Kenya,direct_procurement,High,Direct award method used — competitive bidding bypassed,Verify justification for direct award. Check approval authority.
ocds-5whusi-NSC/T-7/2024-2026,PRIDE KINGS SERVICES LTD,75499200.0,Nzoia Sugar Company,normal,Low,ML model flagged as outlier — unusual pattern across multiple fields,Review contract file. Escalate if no clear explanation found.
ocds-5whusi-NTSA/DP-003/2024-2025,CFAO MOBILITY LTD  -KDA 001P,212404.99,National Transport and Safety Authority,direct_procurement,High,Direct award method used — competitive bidding bypassed,Verify justification for direct award. Check approval authority.
ocds-5whusi-NTSA/NCB-004/2020-2021,Dignity Traders Limited,58810000.0,National Transport and Safety Authority,normal,Low,ML model flagged as outlier — unusual pattern across multiple fields,Review contract file. Escalate if no clear explanation found.
ocds-5whusi-NTZDC/RTN/005/2023/2024,Wamo Sphere Ltd,4264054.0,Nyayo Tea Zones Develop Corporation,normal,Low,ML model flagged as outlier — unusual pattern across multiple fields,Review contract file. Escalate if no clear explanation found.
ocds-5whusi-NWWDA/T/CW/042/2023-2024,Abdi Mon Enterprises,40334673.0,Northern Water Works Development Agency,normal,Low,ML model flagged as outlier — unusual pattern across multiple fields,Review contract file. Escalate if no clear explanation found.
ocds-5whusi-NWWDA/T/CW/049/2023-2024,Dozer Company Limited,49567442.0,Northern Water Works Development Agency,normal,Low,ML model flagged as outlier — unusual pattern across multiple fields,Review contract file. Escalate if no clear explanation found.
ocds-5whusi-OAG/OT/01/2024-2025,Britam Life Assurance Company,45213932.0,Office of the Auditor General,normal,Low,ML model flagged as outlier — unusual pattern across multiple fields,Review contract file. Escalate if no clear explanation found.
ocds-5whusi-OCOB/RT/003/2023-2024,Number Seven Agencie,5377500.0,OFFICE OF THE CONTROLLER OF BUDGET,normal,Low,ML model flagged as outlier — unusual pattern across multiple fields,Review contract file. Escalate if no clear explanation found.
ocds-5whusi-ONT/KDC/001/23-24,APA INSURANCE LIMITED,34714705.0,KENYA DEVELOPMENT CORPORATION,normal,Low,ML model flagged as outlier — unusual pattern across multiple fields,Review contract file. Escalate if no clear explanation found.
ocds-5whusi-PA/QUOT/LV/13/2024 - 2025,PEGLAD BUSINESS AGENCY,15200.0,Privatisation Authority,normal,Low,ML model flagged as outlier — unusual pattern across multiple fields,Review contract file. Escalate if no clear explanation found.
ocds-5whusi-PCKTTI-3634,ALLMONDS ENTERPRISES,125000.0,PC KINYANJUI TECHNICAL TRAINING INSTITUTE,after_hours_entry,Medium,Transaction posted outside business hours — unusual timing,Verify who posted and why. Check system access logs.
ocds-5whusi-PC/QUOT/74/2023-2024,BRANDSTANELITE LTD,121500.0,Privatisation Authority,normal,Low,ML model flagged as outlier — unusual pattern across multiple fields,Review contract file. Escalate if no clear explanation found.
ocds-5whusi-PC/QUOT/DP/67/2023-2024-STANDARDGROUP,THE STANDARD GROUP,97191.0,Privatisation Authority,direct_procurement,High,Direct award method used — competitive bidding bypassed,Verify justification for direct award. Check approval authority.
ocds-5whusi-PJS/001/2024-2025,EASTERN SOFTWARE SYSTEMS AFRICA LIMITED,18169327.1,PARLIAMENTARY JOINT SERVICES,direct_procurement,High,Direct award method used — competitive bidding bypassed,Verify justification for direct award. Check approval authority.
ocds-5whusi-QTN/DPR/034/2023-2024,UNKNOWN,1044000.0,Kenya Railways ,direct_procurement,High,Direct award method used — competitive bidding bypassed,Verify justification for direct award. Check approval authority.
ocds-5whusi-RFPNo.LVNWWDA/CONS/KAPSABET/2023-2024,UNKNOWN,127124400.0,Lake Victoria North Water services Board,missing_supplier,High,Contract awarded with no supplier recorded — bypasses vendor accountability,Obtain supplier details from procuring entity. Escalate if unresolved.
ocds-5whusi-RFQ/1360848/2023/2024,	Flomax Solution Design Limited,2100000.0,The National Treasury,after_hours_entry,Medium,Transaction posted outside business hours — unusual timing,Verify who posted and why. Check system access logs.
ocds-5whusi-RFQNO1608132(1),M/s R.H. Devani Ltd ,2800000.0,Tourism,direct_procurement,High,Direct award method used — competitive bidding bypassed,Verify justification for direct award. Check approval authority.
ocds-5whusi-RFX1000001035,UNKNOWN,48940782.0,Rural Electrification Authority,missing_supplier,High,Contract awarded with no supplier recorded — bypasses vendor accountability,Obtain supplier details from procuring entity. Escalate if unresolved.
ocds-5whusi-RFX1000001053,Cable Connect Limited,47041035.01,Rural Electrification Authority,normal,Low,ML model flagged as outlier — unusual pattern across multiple fields,Review contract file. Escalate if no clear explanation found.
ocds-5whusi-RQN/0306/2023-2024, Hussein Abdullahi company Advocates,496480.0,KENYA MEDICAL RESEARCH INSTITUTE,after_hours_entry,Medium,Transaction posted outside business hours — unusual timing,Verify who posted and why. Check system access logs.
ocds-5whusi-SASDF/RT/001/2024-2025,WASSO INVESTIMENT LIMITED,10000000.0,"Sports, Arts and Social Development Fund",round_number_fraud,Medium,Suspiciously round contract amount — possible pre-arranged award,Request quotation records. Compare with market rates.
ocds-5whusi-SB/025/2022/2024,Villa Rosa Kempinski,35000000.0,Busia County Government,direct_procurement,High,Direct award method used — competitive bidding bypassed,Verify justification for direct award. Check approval authority.
ocds-5whusi-SNSC/056/2022/2023,ESS Equipment Kenya Limited,1338911.68,South Nyanza Sugar Company Limited,direct_procurement,High,Direct award method used — competitive bidding bypassed,Verify justification for direct award. Check approval authority.
ocds-5whusi-SNSC/063/2021/2022,ACCURATE FARM MACHINERY ENTERPRISES LTD,121568.0,South Nyanza Sugar Company Limited,direct_procurement,High,Direct award method used — competitive bidding bypassed,Verify justification for direct award. Check approval authority.
ocds-5whusi-SNSC/146/2024/2025,Davis & Shirtliff Limited,75601.0,South Nyanza Sugar Company Limited,direct_procurement,High,Direct award method used — competitive bidding bypassed,Verify justification for direct award. Check approval authority.
ocds-5whusi-SNSC/154/2024/2025,Ess Equipment Kenya Limited,461372.69,South Nyanza Sugar Company Limited,direct_procurement,High,Direct award method used — competitive bidding bypassed,Verify justification for direct award. Check approval authority.
ocds-5whusi-SNSC/159/2024/2025,R.M Patel & Partners Limited,1202804.0,South Nyanza Sugar Company Limited,direct_procurement,High,Direct award method used — competitive bidding bypassed,Verify justification for direct award. Check approval authority.
ocds-5whusi-SNSC/161/2024/2025,St Peters Leather Works,157780.0,South Nyanza Sugar Company Limited,direct_procurement,High,Direct award method used — competitive bidding bypassed,Verify justification for direct award. Check approval authority.
ocds-5whusi-SNSC/169/2024/2025,R.M.Patel & Partners Limited,1624000.0,South Nyanza Sugar Company Limited,direct_procurement,High,Direct award method used — competitive bidding bypassed,Verify justification for direct award. Check approval authority.
ocds-5whusi-SNSC/169/2024/2025,R.M.Patel & Partners Limited,2136546.0,South Nyanza Sugar Company Limited,direct_procurement,High,Direct award method used — competitive bidding bypassed,Verify justification for direct award. Check approval authority.
ocds-5whusi-SNSC/169/2024/2025,R.M.Patel & Partners Limited,616656.0,South Nyanza Sugar Company Limited,direct_procurement,High,Direct award method used — competitive bidding bypassed,Verify justification for direct award. Check approval authority.
ocds-5whusi-SNSC/171/2024/2025,Speedmax Technical Services Limited,19720.0,South Nyanza Sugar Company Limited,direct_procurement,High,Direct award method used — competitive bidding bypassed,Verify justification for direct award. Check approval authority.
ocds-5whusi-SNSC/17606/2023/2024,R.M.Patel & Partners Limited,3953517.8,South Nyanza Sugar Company Limited,direct_procurement,High,Direct award method used — competitive bidding bypassed,Verify justification for direct award. Check approval authority.
ocds-5whusi-SNSC/179/2024/2025,Vishal Engi Chem,435396.5,South Nyanza Sugar Company Limited,normal,Low,ML model flagged as outlier — unusual pattern across multiple fields,Review contract file. Escalate if no clear explanation found.
ocds-5whusi-SNSC/202/2024/2025,H.A Steel Chain (Pvt) Limited,11917187.5,South Nyanza Sugar Company Limited,normal,Low,ML model flagged as outlier — unusual pattern across multiple fields,Review contract file. Escalate if no clear explanation found.
ocds-5whusi-SNSC/208/2024/2025,International Energy Technik Limited,2191008.0,South Nyanza Sugar Company Limited,normal,Low,ML model flagged as outlier — unusual pattern across multiple fields,Review contract file. Escalate if no clear explanation found.
ocds-5whusi-SNSC/237/2024/2025,Walter Odhiambo Otieno,100000.0,South Nyanza Sugar Company Limited,direct_procurement,High,Direct award method used — competitive bidding bypassed,Verify justification for direct award. Check approval authority.
ocds-5whusi-SNSC/248/2024/2025,Manik DAs Sugar Mill Consultancy Services,491028.0,South Nyanza Sugar Company Limited,normal,Low,ML model flagged as outlier — unusual pattern across multiple fields,Review contract file. Escalate if no clear explanation found.
ocds-5whusi-SNSC/253/2024/2025,Vishal Engi Chem,5780128.53,South Nyanza Sugar Company Limited,normal,Low,ML model flagged as outlier — unusual pattern across multiple fields,Review contract file. Escalate if no clear explanation found.
ocds-5whusi-SNSC/267/2024/2025,Indaff Engineering & Projects Consultants (P) Ltd,2555439.5,South Nyanza Sugar Company Limited,normal,Low,ML model flagged as outlier — unusual pattern across multiple fields,Review contract file. Escalate if no clear explanation found.
ocds-5whusi-SNSC/306/2023/2024,UNKNOWN,301600.0,South Nyanza Sugar Company Limited,direct_procurement,High,Direct award method used — competitive bidding bypassed,Verify justification for direct award. Check approval authority.
ocds-5whusi-SNSC/324/2023/2024,SCIENCESCOPE LIMITED,449999.99,South Nyanza Sugar Company Limited,direct_procurement,High,Direct award method used — competitive bidding bypassed,Verify justification for direct award. Check approval authority.
ocds-5whusi-SNSC/336/2023/2024,UNKNOWN,47560.0,South Nyanza Sugar Company Limited,direct_procurement,High,Direct award method used — competitive bidding bypassed,Verify justification for direct award. Check approval authority.
ocds-5whusi-SNSC/340/2023/2024,REPELECTRIC BRUSHES,1723411.39,South Nyanza Sugar Company Limited,direct_procurement,High,Direct award method used — competitive bidding bypassed,Verify justification for direct award. Check approval authority.
ocds-5whusi-SNSC/344/2023/2024,UNKNOWN,165300.0,South Nyanza Sugar Company Limited,direct_procurement,High,Direct award method used — competitive bidding bypassed,Verify justification for direct award. Check approval authority.
ocds-5whusi-SNSC/359/2023/2024,UNKNOWN,116000.0,South Nyanza Sugar Company Limited,direct_procurement,High,Direct award method used — competitive bidding bypassed,Verify justification for direct award. Check approval authority.
ocds-5whusi-SNSC/363/2023/2024,Panafrican Equipment (Kenya) Limited,1513300.84,South Nyanza Sugar Company Limited,direct_procurement,High,Direct award method used — competitive bidding bypassed,Verify justification for direct award. Check approval authority.
ocds-5whusi-SNSC/379/2023/2024,Sucrotech (K) Limited,3530576.0,South Nyanza Sugar Company Limited,normal,Low,ML model flagged as outlier — unusual pattern across multiple fields,Review contract file. Escalate if no clear explanation found.
ocds-5whusi-SNSC/400/2023/2024,Dynamic Controls Limited,1265810.56,South Nyanza Sugar Company Limited,direct_procurement,High,Direct award method used — competitive bidding bypassed,Verify justification for direct award. Check approval authority.
ocds-5whusi-SNSC/411/2023/2024,Ewart Agri Services Limited,11120488.08,South Nyanza Sugar Company Limited,normal,Low,ML model flagged as outlier — unusual pattern across multiple fields,Review contract file. Escalate if no clear explanation found.
ocds-5whusi-SNSC/430/2023/2024,Soni Technical Services Limited,859572.56,South Nyanza Sugar Company Limited,direct_procurement,High,Direct award method used — competitive bidding bypassed,Verify justification for direct award. Check approval authority.
ocds-5whusi-SNSC/444/2023/2024,SP Graphics Limited,385700.0,South Nyanza Sugar Company Limited,direct_procurement,High,Direct award method used — competitive bidding bypassed,Verify justification for direct award. Check approval authority.
ocds-5whusi-SUCCESSIONCAUSENO.1594OF2010ESTATEOFCATHERINENJOKIGACENJO,KITHU MBUTHIA ADVOCATES,142800.0,Unclaimed Financial Assets Authority,direct_procurement,High,Direct award method used — competitive bidding bypassed,Verify justification for direct award. Check approval authority.
ocds-5whusi-TARDA/RT/026/2023-2024,UNKNOWN,9600540.0,Tana And Athi Rivers Development Authority,missing_supplier,High,Contract awarded with no supplier recorded — bypasses vendor accountability,Obtain supplier details from procuring entity. Escalate if unresolved.
ocds-5whusi-TARDA/RT/099/2023-2024,NYUNI SUPPLIES LIMITED,8880900.0,Tana And Athi Rivers Development Authority,normal,Low,ML model flagged as outlier — unusual pattern across multiple fields,Review contract file. Escalate if no clear explanation found.
ocds-5whusi-TARDA/RT/127/2023-2024,AFSHAM LIMITED,24029650.0,Tana And Athi Rivers Development Authority,normal,Low,ML model flagged as outlier — unusual pattern across multiple fields,Review contract file. Escalate if no clear explanation found.
ocds-5whusi-TARDA/RT/133/2023-2024,AL HAMDU ENTERPRISE LIMITED,8495920.0,Tana And Athi Rivers Development Authority,normal,Low,ML model flagged as outlier — unusual pattern across multiple fields,Review contract file. Escalate if no clear explanation found.
ocds-5whusi-TCG/MWS/1189413/2022/2023,	Loteger Ventures Ltd,3996200.0,Turkana County Government,after_hours_entry,Medium,Transaction posted outside business hours — unusual timing,Verify who posted and why. Check system access logs.
ocds-5whusi-TENDERNO.CBK/142/2023-2024,Envision Global,246005845.57,Central Bank of Kenya,normal,Low,ML model flagged as outlier — unusual pattern across multiple fields,Review contract file. Escalate if no clear explanation found.
ocds-5whusi-TENDERNO:DP/SHA/001/2024-2025,1,229028777.0,National Hospital Insurance Fund,direct_procurement,High,Direct award method used — competitive bidding bypassed,Verify justification for direct award. Check approval authority.
ocds-5whusi-TENDER NO. KICC/02/2024-2026,Pelican Insurance Brokers,72000006.0,The Kenyatta International Convention Centre,normal,Low,ML model flagged as outlier — unusual pattern across multiple fields,Review contract file. Escalate if no clear explanation found.
ocds-5whusi-TENDER/VCG/ENV/005/2023-2024,ALIVATA LIMITED,16200000.0,Vihiga County Government,normal,Low,ML model flagged as outlier — unusual pattern across multiple fields,Review contract file. Escalate if no clear explanation found.
ocds-5whusi-TMU/DP/04/2023/2024,MFI DOCUMENT SOLUTIONS LIMITED,585220.0,Tom Mboya University College (Maseno),direct_procurement,High,Direct award method used — competitive bidding bypassed,Verify justification for direct award. Check approval authority.
ocds-5whusi-TMU/DP/02/2023/2024,NATIONAL OIL CORPORATION OF KENYA (MAHAVIR TRANSPORTER & CONTRACTOR LIMITED,871170.0,Tom Mboya University College (Maseno),direct_procurement,High,Direct award method used — competitive bidding bypassed,Verify justification for direct award. Check approval authority.
ocds-5whusi-TMU/DP/16/2023/2024,DIGITAL WORLD PRODIGY LIMITED,3580000.0,Tom Mboya University College (Maseno),direct_procurement,High,Direct award method used — competitive bidding bypassed,Verify justification for direct award. Check approval authority.
ocds-5whusi-TNCG/QT/1371838/2023/2024,DHOWZIA MKULIMA STORES LTD,2000000.0,Tharaka-Nithi County Government,after_hours_entry,Medium,Transaction posted outside business hours — unusual timing,Verify who posted and why. Check system access logs.
ocds-5whusi-TNT/PFMRCU/012/2023-24,HONGERA BUSINESS SOLUTION LTD,9916200.0,The National Treasury,normal,Low,ML model flagged as outlier — unusual pattern across multiple fields,Review contract file. Escalate if no clear explanation found.
ocds-5whusi-TUM/T/02/2024-2025,AAR Insurance Kenya Limited,93599047.0,Technical University of Mombasa,normal,Low,ML model flagged as outlier — unusual pattern across multiple fields,Review contract file. Escalate if no clear explanation found.
ocds-5whusi-TUM/T/23/2023-2024,UNKNOWN,37816394.08,Technical University of Mombasa,missing_supplier,High,Contract awarded with no supplier recorded — bypasses vendor accountability,Obtain supplier details from procuring entity. Escalate if unresolved.
ocds-5whusi-TUM/T/26/2023/2024,UNKNOWN,36351223.5,Technical University of Mombasa,missing_supplier,High,Contract awarded with no supplier recorded — bypasses vendor accountability,Obtain supplier details from procuring entity. Escalate if unresolved.
ocds-5whusi-UF/D/004/2024-2025,M/s Robson Harris Company Advocates,2000000.0,Universities Fund,direct_procurement,High,Direct award method used — competitive bidding bypassed,Verify justification for direct award. Check approval authority.
ocds-5whusi-WPCA/OT/01/2020-2021,AAR Insurance Kenya Limited,26787066.0,west pokot county assembly ,normal,Low,ML model flagged as outlier — unusual pattern across multiple fields,Review contract file. Escalate if no clear explanation found.
ocds-5whusi-WRA/HQ/GOK/DR/54/23-24,UNKNOWN,17650.0,Water Resources Authority,direct_procurement,High,Direct award method used — competitive bidding bypassed,Verify justification for direct award. Check approval authority.
ocds-5whusi-WRA/HQ/GOK/DR/87/23-24,MAGICAL HOLIDAYS LTD,43300.0,Water Resources Authority,direct_procurement,High,Direct award method used — competitive bidding bypassed,Verify justification for direct award. Check approval authority.
ocds-5whusi-WR-GOGO-080-2023,REPELECTRIC BRUSHES,995679.04,Kenya Electricity  Generating Company,direct_procurement,High,Direct award method used — competitive bidding bypassed,Verify justification for direct award. Check approval authority.
ocds-5whusi-WR-SONDU-051-2023,REPELECTRIC BRUSHES,1063738.0,Kenya Electricity  Generating Company,direct_procurement,High,Direct award method used — competitive bidding bypassed,Verify justification for direct award. Check approval authority.
ocds-5whusi-WR-SONDU-068-2023,DAVIS AND SHIRTLIFF  LTD,146737.0,Kenya Electricity  Generating Company,direct_procurement,High,Direct award method used — competitive bidding bypassed,Verify justification for direct award. Check approval authority.
ocds-5whusi-WR-SONDU-PROFORMA INVOICE-KDK 181P-2024,SIMBA CORPORATION LIMITED,56470.52,Kenya Electricity  Generating Company,direct_procurement,High,Direct award method used — competitive bidding bypassed,Verify justification for direct award. Check approval authority.
ocds-5whusi-WR-TURK-PROFORMA INVOICE-ASSORTED PUMP ACCESSORIES-2024,DAVIS & SHIRTLIFF LIMITED,83572.0,Kenya Electricity  Generating Company,direct_procurement,High,Direct award method used — competitive bidding bypassed,Verify justification for direct award. Check approval authority.
ocds-5whusi-1295301-2022-2023,VIRCLAR SOLUTIONS LIMITED,5040000.0,Kirinyaga County Government,normal,Low,ML model flagged as outlier — unusual pattern across multiple fields,Review contract file. Escalate if no clear explanation found.
ocds-5whusi-1360981-3-2023-2024,UNKNOWN,10993417.44,Kirinyaga County Government,missing_supplier,High,Contract awarded with no supplier recorded — bypasses vendor accountability,Obtain supplier details from procuring entity. Escalate if unresolved.
ocds-5whusi-1361057-2023/2024,M/S MT.ELGON WOMEN TRADERS,349000.0,Bungoma County Government,after_hours_entry,Medium,Transaction posted outside business hours — unusual timing,Verify who posted and why. Check system access logs.
ocds-5whusi-1375778-2023-224,UNKNOWN,16228690.0,Kirinyaga County Government,missing_supplier,High,Contract awarded with no supplier recorded — bypasses vendor accountability,Obtain supplier details from procuring entity. Escalate if unresolved.
ocds-5whusi-1436859-2023/2024,THE STANDARD GROUP,1025905.0,Office of the Auditor General,direct_procurement,High,Direct award method used — competitive bidding bypassed,Verify justification for direct award. Check approval authority.
ocds-5whusi-1437637-2023/2024,ISUZU EAST AFRICA LIMITED,6989000.0,Nyandarua County Government,direct_procurement,High,Direct award method used — competitive bidding bypassed,Verify justification for direct award. Check approval authority.
ocds-5whusi-1472941-2023/2024,UNKNOWN,81917720.0,Bungoma County Government,missing_supplier,High,Contract awarded with no supplier recorded — bypasses vendor accountability,Obtain supplier details from procuring entity. Escalate if unresolved.
ocds-5whusi-1472960-2023-2024,pisonaz international limited,5478600.0,Bungoma County Government,normal,Low,ML model flagged as outlier — unusual pattern across multiple fields,Review contract file. Escalate if no clear explanation found.
ocds-5whusi-1479043-2023/2024,AFRICENT ENTERPRISES LIMITED ,97164481.15,Kwale County Government,normal,Low,ML model flagged as outlier — unusual pattern across multiple fields,Review contract file. Escalate if no clear explanation found.
ocds-5whusi-1481454,STANDARD GROUP LIMITED,92800.0,Nyandarua County Government,direct_procurement,High,Direct award method used — competitive bidding bypassed,Verify justification for direct award. Check approval authority.
ocds-5whusi-1655737-2024/2025,central fuels and lubricants,1980000.0,County Assembly Of Lamu,after_hours_entry,Medium,Transaction posted outside business hours — unusual timing,Verify who posted and why. Check system access logs.
ocds-5whusi-204578-TENDER/VCG/WATER/037/2024-2025(1656831),CELIMAH INTERNATIONAL LTD,7650974.3,Vihiga County Government,normal,Low,ML model flagged as outlier — unusual pattern across multiple fields,Review contract file. Escalate if no clear explanation found.
ocds-5whusi-218210-KeRRA/08/39/BGM/23/24-141,ALIHAILI CAIRO LOGISTICS LIMITED,4827616.08,Kenya Rural Roads Authority ,normal,Low,ML model flagged as outlier — unusual pattern across multiple fields,Review contract file. Escalate if no clear explanation found.
ocds-5whusi-218469-TSC/DP/048/2024-2027,FOUR TELL E-AFRICA,15004494.0,Teachers Service Commission,direct_procurement,High,Direct award method used — competitive bidding bypassed,Verify justification for direct award. Check approval authority.
ocds-5whusi-218483-KAA/DP/JKIA/0033/2024-2025,PLENSER LIMITED,993662.67,Kenya Airport Authority,direct_procurement,High,Direct award method used — competitive bidding bypassed,Verify justification for direct award. Check approval authority.
ocds-5whusi-218688-SNSC/293/2024/2025,Dansteel Junior Company Limited,3650114.0,South Nyanza Sugar Company Limited,direct_procurement,High,Direct award method used — competitive bidding bypassed,Verify justification for direct award. Check approval authority.
ocds-5whusi-218740-KP8/9A/DT/028/24-25,RAM AUTO GARAGE LTD,216630.0,Kenya Power & Lighting Company,direct_procurement,High,Direct award method used — competitive bidding bypassed,Verify justification for direct award. Check approval authority.
ocds-5whusi-218863-10018655,CFAO MOTORS KENYA LIMITED,73352118.0,South Nyanza Sugar Company Limited,duplicate_invoice,Medium,Amount and vendor match another contract — possible duplicate payment,Cross-check payment records. Flag for recovery if duplicate paid.
ocds-5whusi-218937-SNSC/213/2024/2025,Dansteel Junior Limited,2305233.2,South Nyanza Sugar Company Limited,normal,Low,ML model flagged as outlier — unusual pattern across multiple fields,Review contract file. Escalate if no clear explanation found.
ocds-5whusi-219001-SIT/2023/2024/23-1,BOLIMARK ENTERPSRISES,67700.0,SIAYA INSTITUTE OF TECHNOLOGY,after_hours_entry,Medium,Transaction posted outside business hours — unusual timing,Verify who posted and why. Check system access logs.
ocds-5whusi-2513-2023-2024,Primate Tours Limited,38920.0,State Department of Planning,direct_procurement,High,Direct award method used — competitive bidding bypassed,Verify justification for direct award. Check approval authority.
ocds-5whusi-3584,ZHONGHAO OVERSEAS CONSTRUCTION ENGINEERING CO LIMITED,500139446.0,The Meru National Polytechnic,direct_procurement,High,Direct award method used — competitive bidding bypassed,Verify justification for direct award. Check approval authority.
ocds-5whusi-3596,BELLAROSE INVESTMENTS,556000.0,The Meru National Polytechnic,after_hours_entry,Medium,Transaction posted outside business hours — unusual timing,Verify who posted and why. Check system access logs.
ocds-5whusi-3882,ISAPAM ENTERPRISES LIMITED,21735732.0,The Meru National Polytechnic,direct_procurement,High,Direct award method used — competitive bidding bypassed,Verify justification for direct award. Check approval authority.
ocds-5whusi-4658,RAMJI HARIBHAI DEVANI LIMITED,140861707.0,The Meru National Polytechnic,normal,Low,ML model flagged as outlier — unusual pattern across multiple fields,Review contract file. Escalate if no clear explanation found.
ocds-5whusi-AFA/OT/11/2023-2024,Mushimi ltd,58613685.0,Agriculture and Food Authority,normal,Low,ML model flagged as outlier — unusual pattern across multiple fields,Review contract file. Escalate if no clear explanation found.
ocds-5whusi-AG/SCMT/R/4.5/5/2023-2024,BENTHA ENTERPRISES LTD,11195550.0,Office of the Attorney General & Department of Justice ,normal,Low,ML model flagged as outlier — unusual pattern across multiple fields,Review contract file. Escalate if no clear explanation found.
ocds-5whusi-AWWDA/GOK/B/KWS/W-11/2024,Invvegus Consultants Ltd,52656317.11,Athi Water Works Development Agency,normal,Low,ML model flagged as outlier — unusual pattern across multiple fields,Review contract file. Escalate if no clear explanation found.
ocds-5whusi-AWWDA/GOK/GNL/W-19/2023-2024,Elvi General Engineering & Supplies Ltd,34911104.8,Athi Water Works Development Agency,normal,Low,ML model flagged as outlier — unusual pattern across multiple fields,Review contract file. Escalate if no clear explanation found.
ocds-5whusi-BGM/CNTY/FIN/EF/RT/04/2023-2024,UNKNOWN,16069926.6,Bungoma County Government,missing_supplier,High,Contract awarded with no supplier recorded — bypasses vendor accountability,Obtain supplier details from procuring entity. Escalate if unresolved.
ocds-5whusi-BMA/QT/120/2023-2024,MAARS TECHNOLOGIES LTD,2874960.0,BANDARI MARITIME ACADEMY,after_hours_entry,Medium,Transaction posted outside business hours — unusual timing,Verify who posted and why. Check system access logs.
ocds-5whusi-BSA/CG/PWRT/137/2024/2025,Chivas Enterprises Limited,45538421.43,Busia County Government,normal,Low,ML model flagged as outlier — unusual pattern across multiple fields,Review contract file. Escalate if no clear explanation found.
ocds-5whusi-CA/BGM/OT/01/2024/ 2025,STAR DISCOVER INSURANCE LIMITED,30137312.0,County Assembly Of Bungoma,normal,Low,ML model flagged as outlier — unusual pattern across multiple fields,Review contract file. Escalate if no clear explanation found.
ocds-5whusi-CAK-1485693-2023/24,WIKREATE COMPANY LIMITED,35524234.0,County Assembly Of Kwale,normal,Low,ML model flagged as outlier — unusual pattern across multiple fields,Review contract file. Escalate if no clear explanation found.
ocds-5whusi-CA/SCM/DP/01/2023-2024,TAMARIND MANAGEMENT LIMITED,786000.0,Communications Authority of Kenya ,direct_procurement,High,Direct award method used — competitive bidding bypassed,Verify justification for direct award. Check approval authority.
ocds-5whusi-CDACC/RT/2023-2024/02,linovitch timofey,11136000.0,TVET CURRICULUM DEVELOPMENT ASSESSMENT AND CERTIFICATION COUNCIL,normal,Low,ML model flagged as outlier — unusual pattern across multiple fields,Review contract file. Escalate if no clear explanation found.
ocds-5whusi-CG/BGM/CNTY/FIN/EF/RT/02/2023-2024,UNKNOWN,9827080.19,Bungoma County Government,missing_supplier,High,Contract awarded with no supplier recorded — bypasses vendor accountability,Obtain supplier details from procuring entity. Escalate if unresolved.
ocds-5whusi-CGB/QTN/DRM/004/2023/2024,UNKNOWN,2925260.0,Baringo County Government,direct_procurement,High,Direct award method used — competitive bidding bypassed,Verify justification for direct award. Check approval authority.
ocds-5whusi-CGB/QTN/DRM/004/2023/2024,SASHI HOLDINGS LIMITED,2925260.0,Baringo County Government,direct_procurement,High,Direct award method used — competitive bidding bypassed,Verify justification for direct award. Check approval authority.
ocds-5whusi-CGK/OT/OO6/MEDINS/2024-2025,MADISON GENERAL INSURANCE,510375472.0,Kisumu County Government,normal,Low,ML model flagged as outlier — unusual pattern across multiple fields,Review contract file. Escalate if no clear explanation found.
ocds-5whusi-CGN/MOALF/ONT/027/2023-2024,CAMCO EQUIPMENT (K) LTD,13802020.0,Nakuru County Government,normal,Low,ML model flagged as outlier — unusual pattern across multiple fields,Review contract file. Escalate if no clear explanation found.
ocds-5whusi-CGN/MOH/ONT/068/2023-2024,Hamd Trading Co.ltd,18896560.0,Nakuru County Government,duplicate_invoice,Medium,Amount and vendor match another contract — possible duplicate payment,Cross-check payment records. Flag for recovery if duplicate paid.
ocds-5whusi-CGN/MOH/ONT/079B/2023-2024,FINE ENGINEERING WORKS LIMITED,249800321.0,Nakuru County Government,normal,Low,ML model flagged as outlier — unusual pattern across multiple fields,Review contract file. Escalate if no clear explanation found.
ocds-5whusi-CGN/WEECCNR/ONT/129/2023-2024,AQUAMAX DRILLING & SOLAR SOLUTION LTD,6128071.2,Nakuru County Government,normal,Low,ML model flagged as outlier — unusual pattern across multiple fields,Review contract file. Escalate if no clear explanation found.
ocds-5whusi-CGOKTI/MOH/DP/002-2023-2024,pacific diagnostic limited,2041600.0,Kitui County Government,direct_procurement,High,Direct award method used — competitive bidding bypassed,Verify justification for direct award. Check approval authority.
ocds-5whusi-CGS/PWRET/OT/2024-2025/018,GENOBER ENTERPRISES LIMITED,12379311.88,Siaya County Government,normal,Low,ML model flagged as outlier — unusual pattern across multiple fields,Review contract file. Escalate if no clear explanation found.
ocds-5whusi-CGS/PWRET/OT/2024-2025/020,MIJESH ENTERPRISES LIMITED,15389695.52,Siaya County Government,normal,Low,ML model flagged as outlier — unusual pattern across multiple fields,Review contract file. Escalate if no clear explanation found.
ocds-5whusi-CGS/PWRET/OT/2024-2025/035,KENJE ENTERPRISES LIMITED,20087626.42,Siaya County Government,normal,Low,ML model flagged as outlier — unusual pattern across multiple fields,Review contract file. Escalate if no clear explanation found.
ocds-5whusi-CGS/PWRET/OT/2024-2025/038,CADADRA ENTERPRISES LIMITED,8241023.57,Siaya County Government,normal,Low,ML model flagged as outlier — unusual pattern across multiple fields,Review contract file. Escalate if no clear explanation found.
ocds-5whusi-CGTN/AGRIC/Q002/2023/2024,Western Seed Company Limited,99999900.0,Trans Nzoia County Government,normal,Low,ML model flagged as outlier — unusual pattern across multiple fields,Review contract file. Escalate if no clear explanation found.
ocds-5whusi-CGWP/QTN/1379817/2023-2024,ABIGA ENTERPRISES LIMITED,3999922.0,West Pokot County Government,after_hours_entry,Medium,Transaction posted outside business hours — unusual timing,Verify who posted and why. Check system access logs.
ocds-5whusi-CGWP/RFQ/1467092/2023-2024,UNKNOWN,674857.5,West Pokot County Government,direct_procurement,High,Direct award method used — competitive bidding bypassed,Verify justification for direct award. Check approval authority.
ocds-5whusi-CMA/DP010/2023-2024,Datum Analytics Ltd,1735067.76,Capital Markets Authority,direct_procurement,High,Direct award method used — competitive bidding bypassed,Verify justification for direct award. Check approval authority.
ocds-5whusi-COG/PROC/T/001/2024-2025,Klinshine Limited,2388000.0,Council Of Governors,normal,Low,ML model flagged as outlier — unusual pattern across multiple fields,Review contract file. Escalate if no clear explanation found.
ocds-5whusi-CWWDA/RT/G/12/2023-2024,Montage Sales and Services Limited,17416706.7,Coast Water Services Board,normal,Low,ML model flagged as outlier — unusual pattern across multiple fields,Review contract file. Escalate if no clear explanation found.
ocds-5whusi-DeKUT/RT/MAR/016/2023-2024,Jovenari Ventures Ltd,6473496.0,Dedan Kimathi University of Technology,normal,Low,ML model flagged as outlier — unusual pattern across multiple fields,Review contract file. Escalate if no clear explanation found.
ocds-5whusi-EACC/T/14/2024-2025,AIRTELL NETWORKS KENYA LTD,1.5,Ethics and Anti-Corruption Commission,direct_procurement,High,Direct award method used — competitive bidding bypassed,Verify justification for direct award. Check approval authority.
ocds-5whusi-EAPCPLC/DP/1251/2024,UNKNOWN,1500750.0,The East African Portland Cement Company,direct_procurement,High,Direct award method used — competitive bidding bypassed,Verify justification for direct award. Check approval authority.
ocds-5whusi-EAPCPLC/DP/1346/2024,Products Services & Solutions Limited,100000.0,The East African Portland Cement Company,direct_procurement,High,Direct award method used — competitive bidding bypassed,Verify justification for direct award. Check approval authority.
ocds-5whusi-EBK/RFQ/14/2024-2025,MFI Document Solutions Limited,379334.05,Engineers Board of Kenya,direct_procurement,High,Direct award method used — competitive bidding bypassed,Verify justification for direct award. Check approval authority.
ocds-5whusi-EU/DP/039/2023-2024,UNKNOWN,190000.0,Egerton University,direct_procurement,High,Direct award method used — competitive bidding bypassed,Verify justification for direct award. Check approval authority.
ocds-5whusi-GF ATM HIV GC7/DP08/2024-2025,Faram East Africa Limited,46379375.76,Kenya Medical Supplies Authority,direct_procurement,High,Direct award method used — competitive bidding bypassed,Verify justification for direct award. Check approval authority.
ocds-5whusi-GFATMHIVNFM-2023/2024-DP-011,REDDYS PHARMA LTD,248116556.0,Kenya Medical Supplies Authority,direct_procurement,High,Direct award method used — competitive bidding bypassed,Verify justification for direct award. Check approval authority.
ocds-5whusi-GFATMHIVNFM2023/2024DP02,Cepheid HBDC ,5925140.0,Kenya Medical Supplies Authority,direct_procurement,High,Direct award method used — competitive bidding bypassed,Verify justification for direct award. Check approval authority.
ocds-5whusi-GFATMHIVNFM-2023/2024DP07,BIOSYSTEMS LIMITED,19367888.8,Kenya Medical Supplies Authority,direct_procurement,High,Direct award method used — competitive bidding bypassed,Verify justification for direct award. Check approval authority.
ocds-5whusi-GFATMHIVNFM-2023/2024DP08,UNKNOWN,457470000.0,Kenya Medical Supplies Authority,direct_procurement,High,Direct award method used — competitive bidding bypassed,Verify justification for direct award. Check approval authority.
ocds-5whusi-GFATMTBNFM2023/2024DP07,Qure.ai Technologies Pvt.Ltd,50193000.0,Kenya Medical Supplies Authority,direct_procurement,High,Direct award method used — competitive bidding bypassed,Verify justification for direct award. Check approval authority.
ocds-5whusi-HBC/EE&CC/RFQ/022/2023-2024,CHRISTONEL ENTERPRISE LIMITED,3498450.0,Homa Bay County Government,after_hours_entry,Medium,Transaction posted outside business hours — unusual timing,Verify who posted and why. Check system access logs.
ocds-5whusi-HBC/PH&MS/ONT/002/2023-2024,M/S YUVI CONSTRUCTION LIMITED,229619315.0,Homa Bay County Government,normal,Low,ML model flagged as outlier — unusual pattern across multiple fields,Review contract file. Escalate if no clear explanation found.
ocds-5whusi-IRA/069/2024-2025,B1,800000.0,Insurance Regulatory Authority,direct_procurement,High,Direct award method used — competitive bidding bypassed,Verify justification for direct award. Check approval authority.
ocds-5whusi-JKF/Q/05/2023-24,MFI  Document Solutions Limited,602991.2,The Jomo Kenyatta Foundation,direct_procurement,High,Direct award method used — competitive bidding bypassed,Verify justification for direct award. Check approval authority.
ocds-5whusi-: JUD/DP/008A/2024-2025,Salvado Caetano Kenya,121848.256,The Judiciary,direct_procurement,High,Direct award method used — competitive bidding bypassed,Verify justification for direct award. Check approval authority.
ocds-5whusi-JUD/DP/035A/2023-2024,M/S THE NATION MEDIA GROUP LIMITED,56.75,The Judiciary,direct_procurement,High,Direct award method used — competitive bidding bypassed,Verify justification for direct award. Check approval authority.
ocds-5whusi-JUD/RT/054/2023-2024,kamel paek ltd,3400000.0,The Judiciary,normal,Low,ML model flagged as outlier — unusual pattern across multiple fields,Review contract file. Escalate if no clear explanation found.
ocds-5whusi-KAADP/ICT/0191/2023-2024,Coseke Kenya Limited,12113335.2,Kenya Airport Authority,direct_procurement,High,Direct award method used — competitive bidding bypassed,Verify justification for direct award. Check approval authority.
ocds-5whusi-KAA/DP/MIA/0123/2023-2024,Burhani Engineers limited,879744.0,Kenya Airport Authority,direct_procurement,High,Direct award method used — competitive bidding bypassed,Verify justification for direct award. Check approval authority.
ocds-5whusi-KAA/RT/JKIA/0157/2023-2024,MAGENTA KENYA LTD,28312178.0,Kenya Airport Authority,normal,Low,ML model flagged as outlier — unusual pattern across multiple fields,Review contract file. Escalate if no clear explanation found.
ocds-5whusi-KALRO/004/HQTS/2024-2025,Britam Life Assurance Co. (K) Ltd,40820566.0,Kenya Agricultural & Livestock Research Organization,normal,Low,ML model flagged as outlier — unusual pattern across multiple fields,Review contract file. Escalate if no clear explanation found.
ocds-5whusi-KarU/OT/0008/2024-2025,Dinesh Construction Ltd,95922306.0,Karatina University,normal,Low,ML model flagged as outlier — unusual pattern across multiple fields,Review contract file. Escalate if no clear explanation found.
ocds-5whusi-KarU/OT/008/2023-2024,Top Choice Surveillance Ltd,448685911.08,Karatina University,normal,Low,ML model flagged as outlier — unusual pattern across multiple fields,Review contract file. Escalate if no clear explanation found.
ocds-5whusi-KAS/RT/SMKTII/026B/2023/2024,UNKNOWN,2690922.0,KASNEB,missing_supplier,High,Contract awarded with no supplier recorded — bypasses vendor accountability,Obtain supplier details from procuring entity. Escalate if unresolved.
ocds-5whusi-KCAA/046/2023-2024-,Acentria Insurance Brokers Ltd,69033778.8,Kenya Civil Aviation Authority,normal,Low,ML model flagged as outlier — unusual pattern across multiple fields,Review contract file. Escalate if no clear explanation found.
ocds-5whusi-KCAA/046/2023-2024-,Acentria Insurance Brokers Ltd,112509670.0,Kenya Civil Aviation Authority,normal,Low,ML model flagged as outlier — unusual pattern across multiple fields,Review contract file. Escalate if no clear explanation found.
ocds-5whusi-KCG/EXEC/DP/1470492-2/2023/2024,M/S EPCO BUILBERS LIMITED,3630336.0,Kilifi County Government,direct_procurement,High,Direct award method used — competitive bidding bypassed,Verify justification for direct award. Check approval authority.
ocds-5whusi-KCG/KCDHSS/1666473/2024/2025,C.D DONDA AND COMPANY LIMITED,83433000.0,Kilifi County Government,normal,Low,ML model flagged as outlier — unusual pattern across multiple fields,Review contract file. Escalate if no clear explanation found.
ocds-5whusi-KCG/KCDHSS/OPEN/1410789/2023/2024,CFAO MOTORS KENYA LIMITED,73352118.0,Kilifi County Government,normal,Low,ML model flagged as outlier — unusual pattern across multiple fields,Review contract file. Escalate if no clear explanation found.
ocds-5whusi-KCG/WSNRM/1422120-2023-2024,BIOMAX AFRICA LIMITED,89012457.03,Kilifi County Government,normal,Low,ML model flagged as outlier — unusual pattern across multiple fields,Review contract file. Escalate if no clear explanation found.
ocds-5whusi-KEFRI/ONT/001/2024 - 2025,Britam Genaral Insurance Limited,173894353.23,Kenya Forestry Research Institute,normal,Low,ML model flagged as outlier — unusual pattern across multiple fields,Review contract file. Escalate if no clear explanation found.
ocds-5whusi-KE-ICTA-393208-CS-QCBS (RFP),Acacia Economics JV Tilil Technologies,76169982.45,ICT Authority,normal,Low,ML model flagged as outlier — unusual pattern across multiple fields,Review contract file. Escalate if no clear explanation found.
ocds-5whusi-KE-ICTA-441843-GO-RFB,Isolutions Associates Ltd,141035749.53,ICT Authority,normal,Low,ML model flagged as outlier — unusual pattern across multiple fields,Review contract file. Escalate if no clear explanation found.
ocds-5whusi-KE-ICTA-441890-GO-RFB,Isolutions Associations Ltd,46894867.02,ICT Authority,normal,Low,ML model flagged as outlier — unusual pattern across multiple fields,Review contract file. Escalate if no clear explanation found.
ocds-5whusi-KE-MOMBE&MA-KWL-2024-003-CW/MMBE&MA/SDBE&F/14/2023-2024,DALTON ENTERPRISES,255239950.0,"State Department for Fisheries, Aquaculture and the Blue Economy",normal,Low,ML model flagged as outlier — unusual pattern across multiple fields,Review contract file. Escalate if no clear explanation found.
ocds-5whusi-KE-MOMBE&MA-LM-2024-011-CW/MMBE&MA/SDBE&F/21/2023-2024,SUPER SERV LTD,125116200.0,"State Department for Fisheries, Aquaculture and the Blue Economy",normal,Low,ML model flagged as outlier — unusual pattern across multiple fields,Review contract file. Escalate if no clear explanation found.
ocds-5whusi-KE-MOMBE&MA-TR-2024-013-CW/MMBE&MA/SDBE&F/23/2023-2024,HIROLA INVESTMENT LTD,116845367.0,"State Department for Fisheries, Aquaculture and the Blue Economy",normal,Low,ML model flagged as outlier — unusual pattern across multiple fields,Review contract file. Escalate if no clear explanation found.
ocds-5whusi-KEMSA/DP20/2023-2024,ANGELICA MEDICAL SUPPLIES LIMITED,16857200.0,Kenya Medical Supplies Authority,direct_procurement,High,Direct award method used — competitive bidding bypassed,Verify justification for direct award. Check approval authority.
ocds-5whusi-KEMSA/ONT02/2024-2026,Laboratory and Allied Limited,143651934.0,Kenya Medical Supplies Authority,normal,Low,ML model flagged as outlier — unusual pattern across multiple fields,Review contract file. Escalate if no clear explanation found.
ocds-5whusi-KEMSA/ONT26/2023-2025,escobar kenya ltd,123368870.0,Kenya Medical Supplies Authority,normal,Low,ML model flagged as outlier — unusual pattern across multiple fields,Review contract file. Escalate if no clear explanation found.
ocds-5whusi-KeNHA/2740/2024,GOKHAN TECHNICAL SERVICES LIMITED IN JV WITH MASTERSPACE SOLUTIONS LIMITED,229997486.35,Kenya National Highway Authority,normal,Low,ML model flagged as outlier — unusual pattern across multiple fields,Review contract file. Escalate if no clear explanation found.
ocds-5whusi-KeNHA/R10/362/2024,ARIDLANDS BUSINESS LIMITED,94394386.55,Kenya National Highway Authority,normal,Low,ML model flagged as outlier — unusual pattern across multiple fields,Review contract file. Escalate if no clear explanation found.
ocds-5whusi-KeNHA/R1/283/2024,Keema Investment Limited,125422509.0,Kenya National Highway Authority,normal,Low,ML model flagged as outlier — unusual pattern across multiple fields,Review contract file. Escalate if no clear explanation found.
ocds-5whusi-KeNHA/R1/285/2024,Turgo Investment Limited,124067661.42,Kenya National Highway Authority,normal,Low,ML model flagged as outlier — unusual pattern across multiple fields,Review contract file. Escalate if no clear explanation found.
ocds-5whusi-KeNHA/R4/302/2024,M/s  Iftin Building & Civil Engineering Ltd,202464805.28,Kenya National Highway Authority,normal,Low,ML model flagged as outlier — unusual pattern across multiple fields,Review contract file. Escalate if no clear explanation found.
ocds-5whusi-KeNHA/R9/143/2024,A.A.Bayusuf & Sons Ltd,268872433.38,Kenya National Highway Authority,normal,Low,ML model flagged as outlier — unusual pattern across multiple fields,Review contract file. Escalate if no clear explanation found.
ocds-5whusi-KeRRA/008/39/KAK/2-55-24/25 -108,AMERKANUS HOLDINGS LTD,5852114.19,Kenya Rural Roads Authority ,normal,Low,ML model flagged as outlier — unusual pattern across multiple fields,Review contract file. Escalate if no clear explanation found.
ocds-5whusi-KeRRA/008/39/KAK/2-55-24/25 -131,R AND G JOY SERVICES LIMITED,3971441.88,Kenya Rural Roads Authority ,normal,Low,ML model flagged as outlier — unusual pattern across multiple fields,Review contract file. Escalate if no clear explanation found.
ocds-5whusi-KeRRA/008/39/KAK/2-55-24/25-46,AKASA ENTERPRISES LIMITED,6573485.58,Kenya Rural Roads Authority ,normal,Low,ML model flagged as outlier — unusual pattern across multiple fields,Review contract file. Escalate if no clear explanation found.
ocds-5whusi-KeRRA/008/39/KAK/2-55-24/25-69,MITKOT LIMITED,7644794.0,Kenya Rural Roads Authority ,normal,Low,ML model flagged as outlier — unusual pattern across multiple fields,Review contract file. Escalate if no clear explanation found.
ocds-5whusi-KeRRA/008/39/KAK/2-55-24/25-87,BRAWAVE BUILDING & CONSTRUCTIONS CO.LTD,7377452.23,Kenya Rural Roads Authority ,normal,Low,ML model flagged as outlier — unusual pattern across multiple fields,Review contract file. Escalate if no clear explanation found.
ocds-5whusi-KeRRA/008/MBT/39/059/2023-2024,Famo Contractors Limited,9659900.0,Kenya Rural Roads Authority ,normal,Low,ML model flagged as outlier — unusual pattern across multiple fields,Review contract file. Escalate if no clear explanation found.
ocds-5whusi-KeRRA/008/MBT/39/063/2023-2024,Frameless Investment Limited,4500135.44,Kenya Rural Roads Authority ,normal,Low,ML model flagged as outlier — unusual pattern across multiple fields,Review contract file. Escalate if no clear explanation found.
ocds-5whusi-KeRRA/008/MBT/39/107/2022-2023,Contrive Engineering  Limited,9601568.24,Kenya Rural Roads Authority ,normal,Low,ML model flagged as outlier — unusual pattern across multiple fields,Review contract file. Escalate if no clear explanation found.
ocds-5whusi-KeRRA/008/NRK/039/2-45-23|24-130,Vivalan Ventures Ltd,7304985.16,Kenya Rural Roads Authority ,normal,Low,ML model flagged as outlier — unusual pattern across multiple fields,Review contract file. Escalate if no clear explanation found.
ocds-5whusi-KeRRA/008/UG/SOY/039/24-25/053,Angeles Investments Ltd,4647553.45,Kenya Rural Roads Authority ,normal,Low,ML model flagged as outlier — unusual pattern across multiple fields,Review contract file. Escalate if no clear explanation found.
ocds-5whusi-KeRRA/08/39/3/2023 - 2024,Henan Highway Eng. Co.Ltd,1309001217.7,Kenya Rural Roads Authority ,normal,Low,ML model flagged as outlier — unusual pattern across multiple fields,Review contract file. Escalate if no clear explanation found.
ocds-5whusi-KeRRA/08/39/4/2023 - 2024,Mutech Motors & Civil Engineering Limited,566641005.0,Kenya Rural Roads Authority ,normal,Low,ML model flagged as outlier — unusual pattern across multiple fields,Review contract file. Escalate if no clear explanation found.
ocds-5whusi-KeRRA/08/39/45/2023-24,Lunaric Contractors Ltd,352400808.0,Kenya Rural Roads Authority ,normal,Low,ML model flagged as outlier — unusual pattern across multiple fields,Review contract file. Escalate if no clear explanation found.
ocds-5whusi-KeRRA/08/39/BGM/23/24-163,THE ELGON APEX BUILDERS LTD,6805990.07,Kenya Rural Roads Authority ,normal,Low,ML model flagged as outlier — unusual pattern across multiple fields,Review contract file. Escalate if no clear explanation found.
ocds-5whusi-KeRRA/08/39/LKP/23|24-97,Annbetwa  Limited  ,3596603.2,Kenya Rural Roads Authority ,normal,Low,ML model flagged as outlier — unusual pattern across multiple fields,Review contract file. Escalate if no clear explanation found.
ocds-5whusi-KeRRA/08/GSA/39/052/2023-24.,Chalesa enterprise limited,9220260.0,Kenya Rural Roads Authority ,normal,Low,ML model flagged as outlier — unusual pattern across multiple fields,Review contract file. Escalate if no clear explanation found.
ocds-5whusi-KeRRA/08/GSA/39/056/2023-24,Yatho company limited,6300192.0,Kenya Rural Roads Authority ,normal,Low,ML model flagged as outlier — unusual pattern across multiple fields,Review contract file. Escalate if no clear explanation found.
ocds-5whusi-KeRRA/08/KEMA/039/24/25/026,"Absolute Quality Contractors Ltd
",5703620.97,Kenya Rural Roads Authority ,normal,Low,ML model flagged as outlier — unusual pattern across multiple fields,Review contract file. Escalate if no clear explanation found.
ocds-5whusi-KeRRA/08/KEMA/039/24/25/041,"Longei Engineering Company Ltd
",9404168.0,Kenya Rural Roads Authority ,normal,Low,ML model flagged as outlier — unusual pattern across multiple fields,Review contract file. Escalate if no clear explanation found.
ocds-5whusi-KeRRA/08/KLF/39/024/2021-2022,Infosmart Resources Ltd,2955216.0,Kenya Rural Roads Authority ,after_hours_entry,Medium,Transaction posted outside business hours — unusual timing,Verify who posted and why. Check system access logs.
ocds-5whusi-KeRRA/08/KLF/39/028/2021-2022,Swavae Construction Ltd,500000.0,Kenya Rural Roads Authority ,round_number_fraud,Medium,Suspiciously round contract amount — possible pre-arranged award,Request quotation records. Compare with market rates.
ocds-5whusi-KeRRA/08/KLF/39/034/2021-2022,Mapic General Agencies Ltd,2923623.4,Kenya Rural Roads Authority ,normal,Low,ML model flagged as outlier — unusual pattern across multiple fields,Review contract file. Escalate if no clear explanation found.
ocds-5whusi-KeRRA/08/KLF/39/10%SAV-22/23-150,Sumar Dosier Ltd,5094163.0,Kenya Rural Roads Authority ,normal,Low,ML model flagged as outlier — unusual pattern across multiple fields,Review contract file. Escalate if no clear explanation found.
ocds-5whusi-KeRRA/08/KLF/39/-24/25-006,Alhiki Logistics Ltd,3134629.07,Kenya Rural Roads Authority ,normal,Low,ML model flagged as outlier — unusual pattern across multiple fields,Review contract file. Escalate if no clear explanation found.
ocds-5whusi-KeRRA/08/KLF/39/-24/25-025,Gems Management Consulting Ltd,3180725.05,Kenya Rural Roads Authority ,normal,Low,ML model flagged as outlier — unusual pattern across multiple fields,Review contract file. Escalate if no clear explanation found.
ocds-5whusi-KeRRA/08/KLF/39/-24/25-052,Josteph Contractors Ltd,2192175.85,Kenya Rural Roads Authority ,after_hours_entry,Medium,Transaction posted outside business hours — unusual timing,Verify who posted and why. Check system access logs.
ocds-5whusi-KeRRA/08/KLF/39/-24/25-072,Zewan Company Ltd,3374464.88,Kenya Rural Roads Authority ,normal,Low,ML model flagged as outlier — unusual pattern across multiple fields,Review contract file. Escalate if no clear explanation found.
ocds-5whusi-KeRRA/08/KLF/39/-24/25-077,Ebomak Holdings Ltd,3528444.22,Kenya Rural Roads Authority ,normal,Low,ML model flagged as outlier — unusual pattern across multiple fields,Review contract file. Escalate if no clear explanation found.
ocds-5whusi-KeRRA/08/KLF/39/AIA-23/24-106,UNKNOWN,7793414.76,Kenya Rural Roads Authority ,missing_supplier,High,Contract awarded with no supplier recorded — bypasses vendor accountability,Obtain supplier details from procuring entity. Escalate if unresolved.
ocds-5whusi-KeRRA/08/MDR/39/-24/25-35,Dakane const & transporters co  Ltd.,8311207.21,Kenya Rural Roads Authority ,normal,Low,ML model flagged as outlier — unusual pattern across multiple fields,Review contract file. Escalate if no clear explanation found.
ocds-5whusi-KeRRA/08/NKU/039/038/24/25,The Rockstuck Co. Ltd,9009487.24,Kenya Rural Roads Authority ,normal,Low,ML model flagged as outlier — unusual pattern across multiple fields,Review contract file. Escalate if no clear explanation found.
ocds-5whusi-KeRRA/08/NRK/039/002/24|25,Afon Kenya Limited,5389496.0,Kenya Rural Roads Authority ,normal,Low,ML model flagged as outlier — unusual pattern across multiple fields,Review contract file. Escalate if no clear explanation found.
ocds-5whusi-KeRRA/08/NRK/039/054/24|25,Abita Company Ltd,4331904.0,Kenya Rural Roads Authority ,normal,Low,ML model flagged as outlier — unusual pattern across multiple fields,Review contract file. Escalate if no clear explanation found.
ocds-5whusi-KeRRA-08-SYA-39-2-49-2611-23|24,Grademark Investment Ltd,6758864.12,Kenya Rural Roads Authority ,after_hours_entry,Medium,Transaction posted outside business hours — unusual timing,Verify who posted and why. Check system access logs.
ocds-5whusi-KeRRA/08/TTVT/39/046/2023-2024,WESUROCK ENTERPRISES,6649981.3,Kenya Rural Roads Authority ,normal,Low,ML model flagged as outlier — unusual pattern across multiple fields,Review contract file. Escalate if no clear explanation found.
ocds-5whusi-KeRRA/08/TTVT/39/056/2023-2024,WINTECH SYSTEMS LIMITED,6744270.16,Kenya Rural Roads Authority ,normal,Low,ML model flagged as outlier — unusual pattern across multiple fields,Review contract file. Escalate if no clear explanation found.
ocds-5whusi-KeRRA/08/TTVT/39/059/2023-2024,single force investments limited,1837643.0,Kenya Rural Roads Authority ,normal,Low,ML model flagged as outlier — unusual pattern across multiple fields,Review contract file. Escalate if no clear explanation found.
ocds-5whusi-KeRRA/15/MKN/39/065/AIA/2023-2024,Monolith Enterprises Limited,4808200.0,Kenya Rural Roads Authority ,normal,Low,ML model flagged as outlier — unusual pattern across multiple fields,Review contract file. Escalate if no clear explanation found.
ocds-5whusi-KeRRA/15/MKN/39/068/AIA/2023-2024,Tuli Investment Limited,4655312.0,Kenya Rural Roads Authority ,normal,Low,ML model flagged as outlier — unusual pattern across multiple fields,Review contract file. Escalate if no clear explanation found.
ocds-5whusi-KeRRA/8/MRU/39/10%/126/2-24-22|23-126,Redmark Investment Limited,6499269.98,Kenya Rural Roads Authority ,normal,Low,ML model flagged as outlier — unusual pattern across multiple fields,Review contract file. Escalate if no clear explanation found.
ocds-5whusi-KeRRA/KEMA/08/039/085/2023-2024,Softmac Developers Limited,8072684.76,Kenya Rural Roads Authority ,normal,Low,ML model flagged as outlier — unusual pattern across multiple fields,Review contract file. Escalate if no clear explanation found.
ocds-5whusi-KeRRA/KLF/08/39/109/2023-2024,Jofranka Holdings Ltd,8499239.4,Kenya Rural Roads Authority ,normal,Low,ML model flagged as outlier — unusual pattern across multiple fields,Review contract file. Escalate if no clear explanation found.
ocds-5whusi-KeRRA/KLF/08/39/120/2023-2024,Jogami  Synergy Enterprises Ltd,2411423.08,Kenya Rural Roads Authority ,normal,Low,ML model flagged as outlier — unusual pattern across multiple fields,Review contract file. Escalate if no clear explanation found.
ocds-5whusi-KeRRA/MRU/08/39/128/2-24-23|24-128,trupath company limited,5999217.24,Kenya Rural Roads Authority ,normal,Low,ML model flagged as outlier — unusual pattern across multiple fields,Review contract file. Escalate if no clear explanation found.
ocds-5whusi-KeRRA/MRU/08/39/151/2-24-23|24-151,MIWAKI HOLDINGS LIMITED,6259894.76,Kenya Rural Roads Authority ,normal,Low,ML model flagged as outlier — unusual pattern across multiple fields,Review contract file. Escalate if no clear explanation found.
ocds-5whusi-KeRRA/MRU/08/39/153/2-24-23|24-153,kaikai trading company limited,5596271.06,Kenya Rural Roads Authority ,normal,Low,ML model flagged as outlier — unusual pattern across multiple fields,Review contract file. Escalate if no clear explanation found.
ocds-5whusi-KeRRA/TNZ/008/39/088/2023-2024,Belio Enterprises Ltd,8451123.07,Kenya Rural Roads Authority ,normal,Low,ML model flagged as outlier — unusual pattern across multiple fields,Review contract file. Escalate if no clear explanation found.
ocds-5whusi-KeRRA/TNZ/008/39/109/2023-2024,ZK CONCEPTS LTD,4400448.4,Kenya Rural Roads Authority ,normal,Low,ML model flagged as outlier — unusual pattern across multiple fields,Review contract file. Escalate if no clear explanation found.
ocds-5whusi-KGN-LEG-017-2023,UNKNOWN,188138368.0,Kenya Electricity  Generating Company,direct_procurement,High,Direct award method used — competitive bidding bypassed,Verify justification for direct award. Check approval authority.
ocds-5whusi-KICC/76/2023-2024,METROPOLITAN ENGINEERING LTD,14860332.53,The Kenyatta International Convention Centre,direct_procurement,High,Direct award method used — competitive bidding bypassed,Verify justification for direct award. Check approval authority.
ocds-5whusi-KICC/RFP/54/2023-2024,UNKNOWN,19839770.0,The Kenyatta International Convention Centre,direct_procurement,High,Direct award method used — competitive bidding bypassed,Verify justification for direct award. Check approval authority.
ocds-5whusi-KICD/035/ADM/2022-2023,KENYA LITERATURE BUREAU,83084326.0,Kenya Institute of Curriculum Development,direct_procurement,High,Direct award method used — competitive bidding bypassed,Verify justification for direct award. Check approval authority.
ocds-5whusi-KICD/ADM/079B/2022-2023,BOOKMARK AFRICA,822100.0,Kenya Institute of Curriculum Development,direct_procurement,High,Direct award method used — competitive bidding bypassed,Verify justification for direct award. Check approval authority.
ocds-5whusi-KICD/ADM/079B/2022-2023,STORY MOJA,183012.0,Kenya Institute of Curriculum Development,direct_procurement,High,Direct award method used — competitive bidding bypassed,Verify justification for direct award. Check approval authority.
ocds-5whusi-KICD/ADM/079B/2022-2023,ACCESS PUBLISHERS,832200.0,Kenya Institute of Curriculum Development,direct_procurement,High,Direct award method used — competitive bidding bypassed,Verify justification for direct award. Check approval authority.
ocds-5whusi-KLB/RFQ/34/2023-2024,4.	M/s Synergies Company Limited ,351000.0,Kenya literature Bureau ,after_hours_entry,Medium,Transaction posted outside business hours — unusual timing,Verify who posted and why. Check system access logs.
ocds-5whusi-KMA/DP/11/2024-2025,MF1 DOCUMENT SOLUTIONS,261000.0,Kenya Maritime Authority,direct_procurement,High,Direct award method used — competitive bidding bypassed,Verify justification for direct award. Check approval authority.
ocds-5whusi-KMA/RFQ/DP/03/2024-2025,MFI,1623884.0,Kenya Maritime Authority,direct_procurement,High,Direct award method used — competitive bidding bypassed,Verify justification for direct award. Check approval authority.
ocds-5whusi-KNP/T/CONST/01/7/2024,DAYA AGENCIES LTD,60700660.0,KISII NATIONAL POLYTECHNIC,normal,Low,ML model flagged as outlier — unusual pattern across multiple fields,Review contract file. Escalate if no clear explanation found.
ocds-5whusi-KP1/9A.2/DT/004/ICT/23-24,UNKNOWN,193430000.0,Kenya Power & Lighting Company,direct_procurement,High,Direct award method used — competitive bidding bypassed,Verify justification for direct award. Check approval authority.
ocds-5whusi-KP1/9A.2/DT/053/CC/23-24,Nation Media Group PLC,3480000.0,Kenya Power & Lighting Company,direct_procurement,High,Direct award method used — competitive bidding bypassed,Verify justification for direct award. Check approval authority.
ocds-5whusi-KP1/9A.2/RT/006/HR/23-24,Turn Left Media EA Ltd,11971200.0,Kenya Power & Lighting Company,normal,Low,ML model flagged as outlier — unusual pattern across multiple fields,Review contract file. Escalate if no clear explanation found.
ocds-5whusi-KP1/9A.2/RT/043/ICT/20-21,UNKNOWN,6716400.0,Kenya Power & Lighting Company,missing_supplier,High,Contract awarded with no supplier recorded — bypasses vendor accountability,Obtain supplier details from procuring entity. Escalate if unresolved.
ocds-5whusi-KP1/9A.3/DT/006/23-24,UNKNOWN,89320730.63,Kenya Power & Lighting Company,direct_procurement,High,Direct award method used — competitive bidding bypassed,Verify justification for direct award. Check approval authority.
ocds-5whusi-KP1/9A.3/DT/01/21-22,TIMSALES LIMITED,989210.88,Kenya Power & Lighting Company,direct_procurement,High,Direct award method used — competitive bidding bypassed,Verify justification for direct award. Check approval authority.
ocds-5whusi-KP1/9A.3/OT/45/23-24,YABRA TECHNOLOGIES LIMITED,33547200.0,Kenya Power & Lighting Company,after_hours_entry,Medium,Transaction posted outside business hours — unusual timing,Verify who posted and why. Check system access logs.
ocds-5whusi-KP1/9A.3/RT/08/23-24,UNKNOWN,48098232.4,Kenya Power & Lighting Company,missing_supplier,High,Contract awarded with no supplier recorded — bypasses vendor accountability,Obtain supplier details from procuring entity. Escalate if unresolved.
ocds-5whusi-KP1/9A.3/RT/27/23-24,TECHNOMASTERS SUPPLIERS,3041271.76,Kenya Power & Lighting Company,after_hours_entry,Medium,Transaction posted outside business hours — unusual timing,Verify who posted and why. Check system access logs.
ocds-5whusi-KP1/9A.3/RT/27/23-24,SYNERGY POWER SYSTEMS,8233187.0,Kenya Power & Lighting Company,normal,Low,ML model flagged as outlier — unusual pattern across multiple fields,Review contract file. Escalate if no clear explanation found.
ocds-5whusi-KPA/004/2023-24/CCE,UNKNOWN,34648000.0,Kenya Ports Authority,missing_supplier,High,Contract awarded with no supplier recorded — bypasses vendor accountability,Obtain supplier details from procuring entity. Escalate if unresolved.
ocds-5whusi-KPA/005/2023-24/ME,M/s Jonstac Supplies & Enterprises,19488000.0,Kenya Ports Authority,normal,Low,ML model flagged as outlier — unusual pattern across multiple fields,Review contract file. Escalate if no clear explanation found.
ocds-5whusi-KPA/010/2024-25/CE,KASYAP BUILDERS LTD,43583520.0,Kenya Ports Authority,normal,Low,ML model flagged as outlier — unusual pattern across multiple fields,Review contract file. Escalate if no clear explanation found.
ocds-5whusi-KPA/021/2023-24/PDM,UNKNOWN,121971735.68,Kenya Ports Authority,missing_supplier,High,Contract awarded with no supplier recorded — bypasses vendor accountability,Obtain supplier details from procuring entity. Escalate if unresolved.
ocds-5whusi-KPA/048/2024-25/ICDN,MAHINE VENTURES,7308000.0,Kenya Ports Authority,normal,Low,ML model flagged as outlier — unusual pattern across multiple fields,Review contract file. Escalate if no clear explanation found.
ocds-5whusi-KPA/068/2023-24/IA,AZMASOFT CONSULTING LIMITED,9561998.58,Kenya Ports Authority,direct_procurement,High,Direct award method used — competitive bidding bypassed,Verify justification for direct award. Check approval authority.
ocds-5whusi-KPA/073/2023-24/CCE,M/s Auto bikes,12246835.59,Kenya Ports Authority,normal,Low,ML model flagged as outlier — unusual pattern across multiple fields,Review contract file. Escalate if no clear explanation found.
ocds-5whusi-KPA/074/2023-24/PDM,UNKNOWN,174779690.0,Kenya Ports Authority,missing_supplier,High,Contract awarded with no supplier recorded — bypasses vendor accountability,Obtain supplier details from procuring entity. Escalate if unresolved.
ocds-5whusi-KPA/077/2023-24/TE,POWER PARTS (K) LTD,296702201.0,Kenya Ports Authority,direct_procurement,High,Direct award method used — competitive bidding bypassed,Verify justification for direct award. Check approval authority.
ocds-5whusi-KPA/082/2023-24/AM,CRYSTAL VALUERS LTD,178135910.4,Kenya Ports Authority,normal,Low,ML model flagged as outlier — unusual pattern across multiple fields,Review contract file. Escalate if no clear explanation found.
ocds-5whusi-KPA/097/2023-24/TE,STILL KINGS ENTERPRISES,0.0,Kenya Ports Authority,direct_procurement,High,Direct award method used — competitive bidding bypassed,Verify justification for direct award. Check approval authority.
ocds-5whusi-KPA/115/2023-24/TE,TILOA LIMITED,17808000.0,Kenya Ports Authority,normal,Low,ML model flagged as outlier — unusual pattern across multiple fields,Review contract file. Escalate if no clear explanation found.
ocds-5whusi-KPA/119/2023-24/EE,UNKNOWN,11436675.56,Kenya Ports Authority,missing_supplier,High,Contract awarded with no supplier recorded — bypasses vendor accountability,Obtain supplier details from procuring entity. Escalate if unresolved.
ocds-5whusi-KPA/126/2023-24/ICT,Mashariki Limited,34585695.0,Kenya Ports Authority,normal,Low,ML model flagged as outlier — unusual pattern across multiple fields,Review contract file. Escalate if no clear explanation found.
ocds-5whusi-KPA/134/2023-24/TE,UNKNOWN,0.0,Kenya Ports Authority,direct_procurement,High,Direct award method used — competitive bidding bypassed,Verify justification for direct award. Check approval authority.
ocds-5whusi-KPA/140/2023-24/CE,KITOBO CONSTRUCTION Limited,55949584.0,Kenya Ports Authority,normal,Low,ML model flagged as outlier — unusual pattern across multiple fields,Review contract file. Escalate if no clear explanation found.
ocds-5whusi-KPA/144/2023-24/CCE,ABOVE ALL VENTURES,19765687.5,Kenya Ports Authority,normal,Low,ML model flagged as outlier — unusual pattern across multiple fields,Review contract file. Escalate if no clear explanation found.
ocds-5whusi-KPA/206/2023-24/CCE,POWER PARTS (K) LTD,0.0,Kenya Ports Authority,direct_procurement,High,Direct award method used — competitive bidding bypassed,Verify justification for direct award. Check approval authority.
ocds-5whusi-KPA/227/2023-24/ME,KENYA SHIPYARDS LIMITED,24138590.85,Kenya Ports Authority,direct_procurement,High,Direct award method used — competitive bidding bypassed,Verify justification for direct award. Check approval authority.
ocds-5whusi-KPA/245/2023-24-CE-,M/S LIFEWAY SOLUTION LTD,28419246.0,Kenya Ports Authority,normal,Low,ML model flagged as outlier — unusual pattern across multiple fields,Review contract file. Escalate if no clear explanation found.
ocds-5whusi-KPA/250/2023-24/CCE,M/S. DIATOM INTERNATIONAL LTD,10308780.0,Kenya Ports Authority,normal,Low,ML model flagged as outlier — unusual pattern across multiple fields,Review contract file. Escalate if no clear explanation found.
ocds-5whusi-KPA/258/2023-24/ME,THORNCLIFFE LTD,0.0,Kenya Ports Authority,direct_procurement,High,Direct award method used — competitive bidding bypassed,Verify justification for direct award. Check approval authority.
ocds-5whusi-KPA/259/2023-24/PDM,ASSOCIATED ELECTRICAL & HARDWARE  SUPPLIES LIMITED,489910439.0,Kenya Ports Authority,normal,Low,ML model flagged as outlier — unusual pattern across multiple fields,Review contract file. Escalate if no clear explanation found.
ocds-5whusi-KPA/268/2023-24/ICDN,UNIAH VENTURES LIMITED,6311838.5,Kenya Ports Authority,direct_procurement,High,Direct award method used — competitive bidding bypassed,Verify justification for direct award. Check approval authority.
ocds-5whusi-KPA/275/2023-24/ME,VAMSTEEL ENTERPRISES LIMITED,9246885.33,Kenya Ports Authority,direct_procurement,High,Direct award method used — competitive bidding bypassed,Verify justification for direct award. Check approval authority.
ocds-5whusi-KPA/282/2023-24,RIZAKU TRADING,21433800.0,Kenya Ports Authority,normal,Low,ML model flagged as outlier — unusual pattern across multiple fields,Review contract file. Escalate if no clear explanation found.
ocds-5whusi-KPA/294/2023-24/ICDN,KITOBO CONSTRUCTION LTD,18959620.0,Kenya Ports Authority,normal,Low,ML model flagged as outlier — unusual pattern across multiple fields,Review contract file. Escalate if no clear explanation found.
ocds-5whusi-KPA/325/2023-24/TE,SAL-SKY INV. AGENCY LTD,28340000.0,Kenya Ports Authority,normal,Low,ML model flagged as outlier — unusual pattern across multiple fields,Review contract file. Escalate if no clear explanation found.
ocds-5whusi-KPC/PU/OT - 053/ICT/NBI/24 - 25,TIVELLA TECHNOLOGIES LIMITED,118653743.3,Kenya Pipeline Company,normal,Low,ML model flagged as outlier — unusual pattern across multiple fields,Review contract file. Escalate if no clear explanation found.
ocds-5whusi-KPC/PU-RFQ/072(ELEC)M/23-24,BURDIS PEAK VENTURES,2619280.0,Kenya Pipeline Company,after_hours_entry,Medium,Transaction posted outside business hours — unusual timing,Verify who posted and why. Check system access logs.
ocds-5whusi-KPRL/DP/023.041/2023-2024,TIGMAN LIMITED,47058984.0,Kenya Petroleum Refineries Limited,direct_procurement,High,Direct award method used — competitive bidding bypassed,Verify justification for direct award. Check approval authority.
ocds-5whusi-KPRL/DP/024.006/2024-2025,SOFTWARE TECHNOLOGIES,81221.0,Kenya Petroleum Refineries Limited,direct_procurement,High,Direct award method used — competitive bidding bypassed,Verify justification for direct award. Check approval authority.
ocds-5whusi-KRA/HQS/DP-003/2024-2025,Four M. Insurance Brokers Limited,73392110.75,Kenya Revenue Authority,direct_procurement,High,Direct award method used — competitive bidding bypassed,Verify justification for direct award. Check approval authority.
ocds-5whusi-KRA/HQS/DP-009/2024-2025,Kamtix Cleaners Co.Ltd,17970000.0,Kenya Revenue Authority,direct_procurement,High,Direct award method used — competitive bidding bypassed,Verify justification for direct award. Check approval authority.
ocds-5whusi-KRA/HQS/DP-014/2024-2025,Hever The Company Limited,7728295.2,Kenya Revenue Authority,direct_procurement,High,Direct award method used — competitive bidding bypassed,Verify justification for direct award. Check approval authority.
ocds-5whusi-KRA/HQS/DP-016/2024-2025,Nadiah Investment Limited,12526928.16,Kenya Revenue Authority,direct_procurement,High,Direct award method used — competitive bidding bypassed,Verify justification for direct award. Check approval authority.
ocds-5whusi-KRA/HQS/DP-048/2023-2024,Bridgewater Investments Limited,108277440.0,Kenya Revenue Authority,direct_procurement,High,Direct award method used — competitive bidding bypassed,Verify justification for direct award. Check approval authority.
ocds-5whusi-KRA/HQS/DP-052/2023-2024,IT Service & Project Management,26999993.77,Kenya Revenue Authority,direct_procurement,High,Direct award method used — competitive bidding bypassed,Verify justification for direct award. Check approval authority.
ocds-5whusi-KRA/HQS/DP -079/2023-2024,Schindler Limited,6000000.0,Kenya Revenue Authority,direct_procurement,High,Direct award method used — competitive bidding bypassed,Verify justification for direct award. Check approval authority.
ocds-5whusi-KRA/HQS/NCB-004/2024-2025,Four M Insurance Brokers Limited,371559712.6,Kenya Revenue Authority,normal,Low,ML model flagged as outlier — unusual pattern across multiple fields,Review contract file. Escalate if no clear explanation found.
ocds-5whusi-KRA/HQS/NCB-045/2023-2024,NEXT TECHNOLOGIES LTD,279584057.54,Kenya Revenue Authority,normal,Low,ML model flagged as outlier — unusual pattern across multiple fields,Review contract file. Escalate if no clear explanation found.
ocds-5whusi-KRA/HQS/NCB-049/2023-2024,UNKNOWN,114617927.0,Kenya Revenue Authority,missing_supplier,High,Contract awarded with no supplier recorded — bypasses vendor accountability,Obtain supplier details from procuring entity. Escalate if unresolved.
ocds-5whusi-KR/QTN/DPR/RTI/023-2023-2024,VIVO ENERGY KENYA LIMITED,366000.0,Kenya Railways ,direct_procurement,High,Direct award method used — competitive bidding bypassed,Verify justification for direct award. Check approval authority.
ocds-5whusi-KR/SCM/002/2023-2024,ARAZAK INVESTMENTS COMPANY LIMITED,5751420.0,Kenya Railways ,normal,Low,ML model flagged as outlier — unusual pattern across multiple fields,Review contract file. Escalate if no clear explanation found.
ocds-5whusi-KR/SCM/019/2021-2022,AWAD AUTO LIMITED,24537500.0,Kenya Railways ,normal,Low,ML model flagged as outlier — unusual pattern across multiple fields,Review contract file. Escalate if no clear explanation found.
ocds-5whusi-KR/SCM/035/2021-2022,NASAMAHA INVESTMENTS LTD,29649428.03,Kenya Railways ,normal,Low,ML model flagged as outlier — unusual pattern across multiple fields,Review contract file. Escalate if no clear explanation found.
ocds-5whusi-KR/SCM/132/2023-2024,SHAQ PROMOTIONS KENYA LIMITED,6759000.0,Kenya Railways ,normal,Low,ML model flagged as outlier — unusual pattern across multiple fields,Review contract file. Escalate if no clear explanation found.
ocds-5whusi-KR/SCM/DPR/073/2023-2024,UJENZI QUARIES LIMITED,15775730.0,Kenya Railways ,direct_procurement,High,Direct award method used — competitive bidding bypassed,Verify justification for direct award. Check approval authority.
ocds-5whusi-KSG/VHG/01/2023-2024,UNKNOWN,1173990701.0,Kenya School Of Government,missing_supplier,High,Contract awarded with no supplier recorded — bypasses vendor accountability,Obtain supplier details from procuring entity. Escalate if unresolved.
ocds-5whusi-KSU/T/24/2023/2024,salvador caetano kenya limited,546285.73,Kisii University,direct_procurement,High,Direct award method used — competitive bidding bypassed,Verify justification for direct award. Check approval authority.
ocds-5whusi-KSU/T/24/2023/2024,salvador caetano kenya limited,548285.73,Kisii University,direct_procurement,High,Direct award method used — competitive bidding bypassed,Verify justification for direct award. Check approval authority.
ocds-5whusi-KSU/T/24/2023/2024,salvador caetano kenya limited,223508.15,Kisii University,direct_procurement,High,Direct award method used — competitive bidding bypassed,Verify justification for direct award. Check approval authority.
ocds-5whusi-KSU/T/20/2023-2024,CFAO Motors Kenya Ltd,13649400.0,Kisii University,normal,Low,ML model flagged as outlier — unusual pattern across multiple fields,Review contract file. Escalate if no clear explanation found.
ocds-5whusi-KSU/T/20/2023-2024,UNKNOWN,30156000.0,Kisii University,missing_supplier,High,Contract awarded with no supplier recorded — bypasses vendor accountability,Obtain supplier details from procuring entity. Escalate if unresolved.
ocds-5whusi-KTB/DP/0009/2024-2025,PROTEL STUDIOS,4989682.0,Kenya Tourism Board,direct_procurement,High,Direct award method used — competitive bidding bypassed,Verify justification for direct award. Check approval authority.
ocds-5whusi-KTB/DP/0020/2024-2025,TAMARIND MANAGEMENT LIMITED,2320000.0,Kenya Tourism Board,direct_procurement,High,Direct award method used — competitive bidding bypassed,Verify justification for direct award. Check approval authority.
ocds-5whusi-KTB/DP/0042/2023/2024,MFI Document Solutions Ltd,394394.0,Kenya Tourism Board,direct_procurement,High,Direct award method used — competitive bidding bypassed,Verify justification for direct award. Check approval authority.
ocds-5whusi-KURA/RFQ/LE/006/2024-2025,Thika Motor Dealers (K) Ltd (Machakos),103890.92,Kenya Urban Roads Authority,direct_procurement,High,Direct award method used — competitive bidding bypassed,Verify justification for direct award. Check approval authority.
ocds-5whusi-KWS/RT/B&F/92/2023-2024,POSH IMPEX LIMITED,17816280.0,Kenya Wildlife Service,normal,Low,ML model flagged as outlier — unusual pattern across multiple fields,Review contract file. Escalate if no clear explanation found.
ocds-5whusi-LBDA/RT/03/2023/2024LOT1,UNKNOWN,63633318.15,Lake Basin Development Authority,missing_supplier,High,Contract awarded with no supplier recorded — bypasses vendor accountability,Obtain supplier details from procuring entity. Escalate if unresolved.
ocds-5whusi-LBDA/RT/06/2023/2024LOT4,Walemi Enterprises Ltd,31485979.5,Lake Basin Development Authority,normal,Low,ML model flagged as outlier — unusual pattern across multiple fields,Review contract file. Escalate if no clear explanation found.
ocds-5whusi-LVNWWDA/GK/BGM/STATELODGE/2023-2024/01,Tsavo Merchants Limited,35316500.0,Lake Victoria North Water services Board,normal,Low,ML model flagged as outlier — unusual pattern across multiple fields,Review contract file. Escalate if no clear explanation found.
ocds-5whusi-MCG/529/2024/2025,Alloysson Ventures Limited,1725325.0,Murang'a County Government,normal,Low,ML model flagged as outlier — unusual pattern across multiple fields,Review contract file. Escalate if no clear explanation found.
ocds-5whusi-MCG/OT/003/2023-2024,DIRIBOR CONSTRUCTION COMPANY LIMITED,31003056.0,Mandera County Government,normal,Low,ML model flagged as outlier — unusual pattern across multiple fields,Review contract file. Escalate if no clear explanation found.
ocds-5whusi-MMUST/GRAD/126/2024-2025,Isuzu East Africa Limited,998508597.0,Masinde Muliro University of Science and Technology (MMUST),duplicate_invoice,Medium,Amount and vendor match another contract — possible duplicate payment,Cross-check payment records. Flag for recovery if duplicate paid.
ocds-5whusi-MTC-B/PQ/01/24/25,BALVI CO. LTD,4462300.0,MOI TEACHERS COLLEGE-BARINGO,normal,Low,ML model flagged as outlier — unusual pattern across multiple fields,Review contract file. Escalate if no clear explanation found.
ocds-5whusi-MTRH/DP/23/2023-2024,SCIENCESCOPE LIMITED,17864916.0,Moi Teaching and Referral Hostipal,direct_procurement,High,Direct award method used — competitive bidding bypassed,Verify justification for direct award. Check approval authority.
ocds-5whusi-MTRH/T/13/2024-2025.,ABSA ,39905961.0,Moi Teaching and Referral Hostipal,normal,Low,ML model flagged as outlier — unusual pattern across multiple fields,Review contract file. Escalate if no clear explanation found.
ocds-5whusi-MTRH/T/94/2023-2024,HARLEYS LIMITED,85935864.35,Moi Teaching and Referral Hostipal,normal,Low,ML model flagged as outlier — unusual pattern across multiple fields,Review contract file. Escalate if no clear explanation found.
ocds-5whusi-MTRH/T/94/2023-2024,PILLPACK HEALTHCARE LTD,57701960.0,Moi Teaching and Referral Hostipal,normal,Low,ML model flagged as outlier — unusual pattern across multiple fields,Review contract file. Escalate if no clear explanation found.
ocds-5whusi-NCG/OT/029/2024-2025,CHESTO HOLDINGS LIMITED,84773997.55,Narok County Government,normal,Low,ML model flagged as outlier — unusual pattern across multiple fields,Review contract file. Escalate if no clear explanation found.
ocds-5whusi-NCG/OT/032/2024-2025,NAROK OLMAA EXPERTS,74910592.0,Narok County Government,normal,Low,ML model flagged as outlier — unusual pattern across multiple fields,Review contract file. Escalate if no clear explanation found.
ocds-5whusi-NCG/OT/062/2024-2025,Transnep Insurance brokers P.O BOX 78684-00507,328057657.0,Narok County Government,normal,Low,ML model flagged as outlier — unusual pattern across multiple fields,Review contract file. Escalate if no clear explanation found.
ocds-5whusi-NCG/RT/019/2022-2023,UNKNOWN,16201836.0,Narok County Government,missing_supplier,High,Contract awarded with no supplier recorded — bypasses vendor accountability,Obtain supplier details from procuring entity. Escalate if unresolved.
ocds-5whusi-NCG/RT/025/2022-2023,Lotobo Group Limited,7456490.37,Narok County Government,normal,Low,ML model flagged as outlier — unusual pattern across multiple fields,Review contract file. Escalate if no clear explanation found.
ocds-5whusi-NCG/RT/HEALTH/008/2023-2024,pharma choice pharmaceuticals ltd,14924200.0,Narok County Government,normal,Low,ML model flagged as outlier — unusual pattern across multiple fields,Review contract file. Escalate if no clear explanation found.
ocds-5whusi-NCPB/ICT/BC LICENCES/NEG/2024 – 2025,DYNASOFT BUSINESS SOLUTIONS LIMITED,36586381.44,National Cereals and Produce Board,direct_procurement,High,Direct award method used — competitive bidding bypassed,Verify justification for direct award. Check approval authority.
ocds-5whusi-NDMA/28/2023-2024,Anisa Agencies Kenya Limited,17997411.6,National Drought Management Authority,normal,Low,ML model flagged as outlier — unusual pattern across multiple fields,Review contract file. Escalate if no clear explanation found.
ocds-5whusi-Negotiation Number 1660098-2-2024-2025,BENWAX LIMITED,247921.0,Bungoma County Government,normal,Low,ML model flagged as outlier — unusual pattern across multiple fields,Review contract file. Escalate if no clear explanation found.
ocds-5whusi-NHC-06-10-2023,SALVADOR CAETANO KENYA,65158.59,NATIONAL HEROES COUNCIL,direct_procurement,High,Direct award method used — competitive bidding bypassed,Verify justification for direct award. Check approval authority.
ocds-5whusi-NHC-01-02-2024,SALVADOR CAETANO KENYA,30886.82,NATIONAL HEROES COUNCIL,direct_procurement,High,Direct award method used — competitive bidding bypassed,Verify justification for direct award. Check approval authority.
ocds-5whusi-NHC-25-08-2023,SALVADOR CAETANO KENYA,80329.8,NATIONAL HEROES COUNCIL,direct_procurement,High,Direct award method used — competitive bidding bypassed,Verify justification for direct award. Check approval authority.
ocds-5whusi-NHC/TECH/MRU/024/2022-2023,Top Choice Surveillnce Limited,447072516.0,National Housing Corporation,normal,Low,ML model flagged as outlier — unusual pattern across multiple fields,Review contract file. Escalate if no clear explanation found.
ocds-5whusi-NNP/NT/03/2024,UNKNOWN,90954717.0,The Nyeri National Polytechnic,missing_supplier,High,Contract awarded with no supplier recorded — bypasses vendor accountability,Obtain supplier details from procuring entity. Escalate if unresolved.
ocds-5whusi-NOCK/PRC/03(1707)2023-2024,UNKNOWN,22863567.1,National Oil Corporation Of Kenya,missing_supplier,High,Contract awarded with no supplier recorded — bypasses vendor accountability,Obtain supplier details from procuring entity. Escalate if unresolved.
ocds-5whusi-NTSA/DP-006/2024-2025,CFAO MOBILITY KENYA LTD,32191.16,National Transport and Safety Authority,direct_procurement,High,Direct award method used — competitive bidding bypassed,Verify justification for direct award. Check approval authority.
ocds-5whusi-NTSA/RTD-012/2023-2024,Fahawanmasile Company Limited,21914049.52,National Transport and Safety Authority,normal,Low,ML model flagged as outlier — unusual pattern across multiple fields,Review contract file. Escalate if no clear explanation found.
ocds-5whusi-NWHSA/ONT/016/2023-2024,Wil Square Company Ltd,47467622.4,National Water Harvesting and Storage Authority,normal,Low,ML model flagged as outlier — unusual pattern across multiple fields,Review contract file. Escalate if no clear explanation found.
ocds-5whusi-NWWDA/T/CW/003/2024-2025,ALIGALO TRADERS LIMITED,19122685.0,Northern Water Works Development Agency,normal,Low,ML model flagged as outlier — unusual pattern across multiple fields,Review contract file. Escalate if no clear explanation found.
ocds-5whusi-PA/QUOT/DP/04/2024 - 2025,MFI DOCUMENT SOLUTIONS LTD,182542.0,Privatisation Authority,direct_procurement,High,Direct award method used — competitive bidding bypassed,Verify justification for direct award. Check approval authority.
ocds-5whusi-PC/QUOT/DP/113/2023-2024,SALVADOR CAETANO KENYA,11745809.47,Privatisation Authority,direct_procurement,High,Direct award method used — competitive bidding bypassed,Verify justification for direct award. Check approval authority.
ocds-5whusi-PC/QUOT/DP/67/2023-2024-THESTAR,UNKNOWN,57600.05,Privatisation Authority,direct_procurement,High,Direct award method used — competitive bidding bypassed,Verify justification for direct award. Check approval authority.
ocds-5whusi-PR NO 3000009524,ANLIAJ & COMPANY LIMITED,27499.95,Nzoia Sugar Company,normal,Low,ML model flagged as outlier — unusual pattern across multiple fields,Review contract file. Escalate if no clear explanation found.
"ocds-5whusi-PROCUREMENTOFCONSOLTANCYSERVICESFORUPGRADINGOFTHECLINICALTRIALSPORTALATPHARMACYANDPOISONSBOARD,NAIROBI.",INTELLISOFT CONSULTING LIMITED,2025960.0,PUBLIC HEALTH AND PROFESSIONAL STANDERDS,direct_procurement,High,Direct award method used — competitive bidding bypassed,Verify justification for direct award. Check approval authority.
"ocds-5whusi-ProvisionofConferenceFacility(DirectProcurementfromBontanaHotel,Nakuru)",UNKNOWN,192500.0,Ethics and Anti-Corruption Commission,direct_procurement,High,Direct award method used — competitive bidding bypassed,Verify justification for direct award. Check approval authority.
ocds-5whusi-RFQ173/23-24,Nairobi sports house ltd,103200000.0,Chuka University,normal,Low,ML model flagged as outlier — unusual pattern across multiple fields,Review contract file. Escalate if no clear explanation found.
ocds-5whusi-RFX1000001040,Gotham Electricals,65934400.0,Rural Electrification Authority,normal,Low,ML model flagged as outlier — unusual pattern across multiple fields,Review contract file. Escalate if no clear explanation found.
ocds-5whusi-RFX1000001054,Bidconsult Investments Limited,33840000.0,Rural Electrification Authority,normal,Low,ML model flagged as outlier — unusual pattern across multiple fields,Review contract file. Escalate if no clear explanation found.
ocds-5whusi-RFX1000001054,UNKNOWN,50631601.12,Rural Electrification Authority,missing_supplier,High,Contract awarded with no supplier recorded — bypasses vendor accountability,Obtain supplier details from procuring entity. Escalate if unresolved.
ocds-5whusi-RFX1000001054,Nemit Ventures Limited,130831094.16,Rural Electrification Authority,normal,Low,ML model flagged as outlier — unusual pattern across multiple fields,Review contract file. Escalate if no clear explanation found.
ocds-5whusi-RFX1000001054,UNKNOWN,130377036.52,Rural Electrification Authority,missing_supplier,High,Contract awarded with no supplier recorded — bypasses vendor accountability,Obtain supplier details from procuring entity. Escalate if unresolved.
ocds-5whusi-RFX1000001054,SPARKEY BAXTER LIMITED,130029315.08,Rural Electrification Authority,normal,Low,ML model flagged as outlier — unusual pattern across multiple fields,Review contract file. Escalate if no clear explanation found.
ocds-5whusi-RFX1000001105,Trustmark Insurance Brockers,151345054.0,Rural Electrification Authority,normal,Low,ML model flagged as outlier — unusual pattern across multiple fields,Review contract file. Escalate if no clear explanation found.
ocds-5whusi-RFX No. 1000001199,STELEC KENYA LIMITED,138307752.68,Rural Electrification Authority,normal,Low,ML model flagged as outlier — unusual pattern across multiple fields,Review contract file. Escalate if no clear explanation found.
ocds-5whusi-RU/INS/001/2024-2025,APA Insurance Ltd,44981662.0,Rongo University,normal,Low,ML model flagged as outlier — unusual pattern across multiple fields,Review contract file. Escalate if no clear explanation found.
ocds-5whusi-SB/018/2022/2024,M/s R.H. Devani Ltd ,1782735.7,STATE DEPARTMENT FOR FORESTRY,direct_procurement,High,Direct award method used — competitive bidding bypassed,Verify justification for direct award. Check approval authority.
ocds-5whusi-SDPW/SB/018/2022-2024(1),M/s R.H. Devani Ltd ,593000.0,Tourism,direct_procurement,High,Direct award method used — competitive bidding bypassed,Verify justification for direct award. Check approval authority.
ocds-5whusi-SDPW/SB/036/2023-2025,CFAO Motors Kenya Ltd,7610000.0,NATIONAL HEROES COUNCIL,direct_procurement,High,Direct award method used — competitive bidding bypassed,Verify justification for direct award. Check approval authority.
ocds-5whusi-SEZA/RFQ/12/2023-2024,Telkom Kenya Ltd,320160.0,SPECIAL ECONOMIC ZONES AUTHORITY,direct_procurement,High,Direct award method used — competitive bidding bypassed,Verify justification for direct award. Check approval authority.
ocds-5whusi-SNSC/148/2024/2025,Dynamic Controls Limited,409420.84,South Nyanza Sugar Company Limited,normal,Low,ML model flagged as outlier — unusual pattern across multiple fields,Review contract file. Escalate if no clear explanation found.
ocds-5whusi-SNSC/156/2024/2025,Eleon Inn Limited,661000.01,South Nyanza Sugar Company Limited,normal,Low,ML model flagged as outlier — unusual pattern across multiple fields,Review contract file. Escalate if no clear explanation found.
ocds-5whusi-SNSC/156/2024/2025,Hemaru Enterprises,3699503.51,South Nyanza Sugar Company Limited,normal,Low,ML model flagged as outlier — unusual pattern across multiple fields,Review contract file. Escalate if no clear explanation found.
ocds-5whusi-SNSC/156/2024/2025,Hemaru Enterprises,12082488.08,South Nyanza Sugar Company Limited,normal,Low,ML model flagged as outlier — unusual pattern across multiple fields,Review contract file. Escalate if no clear explanation found.
ocds-5whusi-SNSC/156/2024/2025,Labrana Enterprises ,696000.0,South Nyanza Sugar Company Limited,normal,Low,ML model flagged as outlier — unusual pattern across multiple fields,Review contract file. Escalate if no clear explanation found.
ocds-5whusi-SNSC/174/2024/2025,Milroz Diesel Services,515956.4,South Nyanza Sugar Company Limited,direct_procurement,High,Direct award method used — competitive bidding bypassed,Verify justification for direct award. Check approval authority.
ocds-5whusi-SNSC/178/2024/2025,Safaricom PLC Limited,835350.34,South Nyanza Sugar Company Limited,direct_procurement,High,Direct award method used — competitive bidding bypassed,Verify justification for direct award. Check approval authority.
ocds-5whusi-SNSC/185/2024/2025,Standard Scales & Systems Limited,165068.0,South Nyanza Sugar Company Limited,normal,Low,ML model flagged as outlier — unusual pattern across multiple fields,Review contract file. Escalate if no clear explanation found.
ocds-5whusi-SNSC/199/2024/2025,Lifting Equipment Company Limited,827629.56,South Nyanza Sugar Company Limited,direct_procurement,High,Direct award method used — competitive bidding bypassed,Verify justification for direct award. Check approval authority.
ocds-5whusi-SNSC/227/2024/2025,UNKNOWN,496657.94,South Nyanza Sugar Company Limited,missing_supplier,High,Contract awarded with no supplier recorded — bypasses vendor accountability,Obtain supplier details from procuring entity. Escalate if unresolved.
ocds-5whusi-SNSC/233/2024/2025,Jospai Tech Limited,272402.8,South Nyanza Sugar Company Limited,normal,Low,ML model flagged as outlier — unusual pattern across multiple fields,Review contract file. Escalate if no clear explanation found.
ocds-5whusi-SNSC/243/2023/2024.,Safaricom PLC,1385040.0,South Nyanza Sugar Company Limited,normal,Low,ML model flagged as outlier — unusual pattern across multiple fields,Review contract file. Escalate if no clear explanation found.
ocds-5whusi-SNSC/261/2024/2025,Dynamics Controls Limited,93230.36,South Nyanza Sugar Company Limited,normal,Low,ML model flagged as outlier — unusual pattern across multiple fields,Review contract file. Escalate if no clear explanation found.
ocds-5whusi-SNSC/261/2024/2025,Dynamics Controls Limited,2000000.0,South Nyanza Sugar Company Limited,round_number_fraud,Medium,Suspiciously round contract amount — possible pre-arranged award,Request quotation records. Compare with market rates.
ocds-5whusi-SNSC/272/2023/2024,UNKNOWN,310992.15,South Nyanza Sugar Company Limited,direct_procurement,High,Direct award method used — competitive bidding bypassed,Verify justification for direct award. Check approval authority.
ocds-5whusi-SNSC/284/2021/2022,Lamatho Enterprises,5150400.0,South Nyanza Sugar Company Limited,normal,Low,ML model flagged as outlier — unusual pattern across multiple fields,Review contract file. Escalate if no clear explanation found.
ocds-5whusi-SNSC/284/2021/2022,Molex traders,7544302.44,South Nyanza Sugar Company Limited,normal,Low,ML model flagged as outlier — unusual pattern across multiple fields,Review contract file. Escalate if no clear explanation found.
ocds-5whusi-SNSC/335/2023/2024,UNKNOWN,18096.0,South Nyanza Sugar Company Limited,direct_procurement,High,Direct award method used — competitive bidding bypassed,Verify justification for direct award. Check approval authority.
ocds-5whusi-SNSC/349/2023/2024,St Peters Leather Works,137655.0,South Nyanza Sugar Company Limited,direct_procurement,High,Direct award method used — competitive bidding bypassed,Verify justification for direct award. Check approval authority.
ocds-5whusi-SNSC/356/2023/2024,UNKNOWN,723840.0,South Nyanza Sugar Company Limited,missing_supplier,High,Contract awarded with no supplier recorded — bypasses vendor accountability,Obtain supplier details from procuring entity. Escalate if unresolved.
ocds-5whusi-SNSC/361/2023/2024,UNKNOWN,73242.4,South Nyanza Sugar Company Limited,direct_procurement,High,Direct award method used — competitive bidding bypassed,Verify justification for direct award. Check approval authority.
ocds-5whusi-SNSC/367/2023/2024,Prescott Engineering Solutions Limited,93963.48,South Nyanza Sugar Company Limited,direct_procurement,High,Direct award method used — competitive bidding bypassed,Verify justification for direct award. Check approval authority.
ocds-5whusi-SNSC/372B/2023/2024,Accurate Farm Machinery Enterprises Limited,167283.6,South Nyanza Sugar Company Limited,direct_procurement,High,Direct award method used — competitive bidding bypassed,Verify justification for direct award. Check approval authority.
ocds-5whusi-SNSC/380B/2023/2024,M/s Mantrac Kenya Ltd,72574.38,South Nyanza Sugar Company Limited,direct_procurement,High,Direct award method used — competitive bidding bypassed,Verify justification for direct award. Check approval authority.
ocds-5whusi-SNSC/403/2023/2024,Hemaru Enterprises,116800.03,South Nyanza Sugar Company Limited,normal,Low,ML model flagged as outlier — unusual pattern across multiple fields,Review contract file. Escalate if no clear explanation found.
ocds-5whusi-SNSC/403/2023/2024,Reydem Company Limited,606098.72,South Nyanza Sugar Company Limited,normal,Low,ML model flagged as outlier — unusual pattern across multiple fields,Review contract file. Escalate if no clear explanation found.
ocds-5whusi-SNSC/403/2023/2024,Labrana Enterprises Limited,87598.56,South Nyanza Sugar Company Limited,normal,Low,ML model flagged as outlier — unusual pattern across multiple fields,Review contract file. Escalate if no clear explanation found.
ocds-5whusi-SNSC/403/2023/2024,Molex Traders,731124.8,South Nyanza Sugar Company Limited,normal,Low,ML model flagged as outlier — unusual pattern across multiple fields,Review contract file. Escalate if no clear explanation found.
ocds-5whusi-SNSC/422/2023/2024,Aquachem Technologies Limited,31552.0,South Nyanza Sugar Company Limited,direct_procurement,High,Direct award method used — competitive bidding bypassed,Verify justification for direct award. Check approval authority.
ocds-5whusi-SNSC/AGRIC/228A/2021/2022,UNKNOWN,67500.0,South Nyanza Sugar Company Limited,direct_procurement,High,Direct award method used — competitive bidding bypassed,Verify justification for direct award. Check approval authority.
ocds-5whusi-TARDA/RT/027/2023-2024,UNKNOWN,10342500.0,Tana And Athi Rivers Development Authority,missing_supplier,High,Contract awarded with no supplier recorded — bypasses vendor accountability,Obtain supplier details from procuring entity. Escalate if unresolved.
ocds-5whusi-TARDA/RT/097/2023-2024,ISCON COMPANY LIMITED,7358190.0,Tana And Athi Rivers Development Authority,normal,Low,ML model flagged as outlier — unusual pattern across multiple fields,Review contract file. Escalate if no clear explanation found.
ocds-5whusi-TARDA/RT/101/2023-2024,GAMOJI LIMITED,5000000.0,Tana And Athi Rivers Development Authority,round_number_fraud,Medium,Suspiciously round contract amount — possible pre-arranged award,Request quotation records. Compare with market rates.
ocds-5whusi-TARDA/RT/125/2023-2024,ANKEY VENTURES LIMITED,24827600.0,Tana And Athi Rivers Development Authority,normal,Low,ML model flagged as outlier — unusual pattern across multiple fields,Review contract file. Escalate if no clear explanation found.
ocds-5whusi-TARDA/RT/129/2023-2024,BURDER CONSTRUCTION LIMITED,19151000.0,Tana And Athi Rivers Development Authority,normal,Low,ML model flagged as outlier — unusual pattern across multiple fields,Review contract file. Escalate if no clear explanation found.
ocds-5whusi-TARDA/RT/134/2023-2024,ELEA VENTURES,8574056.4,Tana And Athi Rivers Development Authority,normal,Low,ML model flagged as outlier — unusual pattern across multiple fields,Review contract file. Escalate if no clear explanation found.
ocds-5whusi-TCG/LPP&UAM/202/2023-2024NEGOTIATIONNO:1483994,GEOPLAN CONSULTANTS LTD,111743960.0,Turkana County Government,normal,Low,ML model flagged as outlier — unusual pattern across multiple fields,Review contract file. Escalate if no clear explanation found.
ocds-5whusi-TENDER NO: KAS/ONT/KDC/KSR/14/2024/2025,Encapsulated East Africa Ltd,51905961.25,KASNEB,normal,Low,ML model flagged as outlier — unusual pattern across multiple fields,Review contract file. Escalate if no clear explanation found.
ocds-5whusi-TENDERNO.KMF/HQS/19/2023-2024,UNKNOWN,228958861.0,Kenya Marine and fisheries Research Institute,missing_supplier,High,Contract awarded with no supplier recorded — bypasses vendor accountability,Obtain supplier details from procuring entity. Escalate if unresolved.
ocds-5whusi-TENDER NO. MMU/OT/MI/07/2024-2025,MUA INSURANCE,56499999.0,Multimedia University of Kenya,normal,Low,ML model flagged as outlier — unusual pattern across multiple fields,Review contract file. Escalate if no clear explanation found.
ocds-5whusi-TENDERNO:TENP/T/003/2023/24,LEIGHANN VENTURES LTD,4543410.0,THE ELDORET NATIONAL POLYTECHNIC,normal,Low,ML model flagged as outlier — unusual pattern across multiple fields,Review contract file. Escalate if no clear explanation found.
ocds-5whusi-TENP/RFP/001/2023/2024,ALLSTATE REALTORS LIMITED,2796000.0,THE ELDORET NATIONAL POLYTECHNIC,normal,Low,ML model flagged as outlier — unusual pattern across multiple fields,Review contract file. Escalate if no clear explanation found.
ocds-5whusi-THIWASCO/022/SIUM/2024-2025,COLLABORATION ENGINEERING SOLUTIONS & PRODUCTS LTD,1484948.4,Thika Water and Sewerage Company Ltd.,direct_procurement,High,Direct award method used — competitive bidding bypassed,Verify justification for direct award. Check approval authority.
ocds-5whusi-TNT/044.2023-2024,Consolink Consultants Limited,19082500.0,The National Treasury,normal,Low,ML model flagged as outlier — unusual pattern across multiple fields,Review contract file. Escalate if no clear explanation found.
ocds-5whusi-TNT/RFP/036/2023-2024,UNKNOWN,139610405.0,The National Treasury,missing_supplier,High,Contract awarded with no supplier recorded — bypasses vendor accountability,Obtain supplier details from procuring entity. Escalate if unresolved.
ocds-5whusi-TRCG/OT/GEN/HERITAGE/120/2023-2024,ACCENT MANAGEMENT CONSULTING LIMITED,12908480.0,Tana River County Government,normal,Low,ML model flagged as outlier — unusual pattern across multiple fields,Review contract file. Escalate if no clear explanation found.
ocds-5whusi-TRCG/OT/PSM/50/2023/2024-,KENYA ALLIANCE INSURANCE COMPANY,155666956.0,Tana River County Government,normal,Low,ML model flagged as outlier — unusual pattern across multiple fields,Review contract file. Escalate if no clear explanation found.
ocds-5whusi-TSC/DP/061/2023-2024,KIMANI KIARIE AND ASSOCIATES ADVOCATES,700000.0,Teachers Service Commission,direct_procurement,High,Direct award method used — competitive bidding bypassed,Verify justification for direct award. Check approval authority.
ocds-5whusi-TSC/RT/001/2023-2024,UNKNOWN,3600000.0,Teachers Service Commission,missing_supplier,High,Contract awarded with no supplier recorded — bypasses vendor accountability,Obtain supplier details from procuring entity. Escalate if unresolved.
ocds-5whusi-TUM/T/29/2023/2024,UNKNOWN,22788633.0,Technical University of Mombasa,missing_supplier,High,Contract awarded with no supplier recorded — bypasses vendor accountability,Obtain supplier details from procuring entity. Escalate if unresolved.
ocds-5whusi-UNES/USAID/HEALTHIT/01/2024-2025,Ernst & Young LLP,2296220.0,University of Nairobi Enterprises and Services,normal,Low,ML model flagged as outlier — unusual pattern across multiple fields,Review contract file. Escalate if no clear explanation found.
ocds-5whusi-WCG/OT/DALFI/O3/2023-2024,UNKNOWN,59933605.39,Wajir County Government,missing_supplier,High,Contract awarded with no supplier recorded — bypasses vendor accountability,Obtain supplier details from procuring entity. Escalate if unresolved.
ocds-5whusi-WPITEMNO.D114NB/NB/2301JOBNO.10002B,Sadasa Construction Limited,287284435.2,Labour,normal,Low,ML model flagged as outlier — unusual pattern across multiple fields,Review contract file. Escalate if no clear explanation found.
ocds-5whusi-WRA/HQ/GOK/DR/055/23-24,UNKNOWN,17000.0,Water Resources Authority,direct_procurement,High,Direct award method used — competitive bidding bypassed,Verify justification for direct award. Check approval authority.
ocds-5whusi-WRA/HQ/GOK/DR/40/24-25,Entrada Tours and Travel,28300.0,Water Resources Authority,direct_procurement,High,Direct award method used — competitive bidding bypassed,Verify justification for direct award. Check approval authority.
ocds-5whusi-WR-SONDU-067-2023,UNKNOWN,215000.0,Kenya Electricity  Generating Company,direct_procurement,High,Direct award method used — competitive bidding bypassed,Verify justification for direct award. Check approval authority.
ocds-5whusi-WR-SONDU-067-2023,UNKNOWN,180000.0,Kenya Electricity  Generating Company,direct_procurement,High,Direct award method used — competitive bidding bypassed,Verify justification for direct award. Check approval authority.
